Hôte,Protocole,Port,État,Service,Logiciel,Version,CPE,CVE_ID,CVSS_Score,CVE_Link
192.168.2.128,tcp,21,open,ftp,vsftpd,2.3.4,cpe:/a:vsftpd:vsftpd:2.3.4,,,
192.168.2.128,tcp,22,open,ssh,OpenSSH,4.7p1 Debian 8ubuntu1,cpe:/o:linux:linux_kernel,CVE-2023-38408,9.8,https://vulners.com/cve/CVE-2023-38408
192.168.2.128,tcp,22,open,ssh,OpenSSH,4.7p1 Debian 8ubuntu1,cpe:/o:linux:linux_kernel,CVE-2016-1908,9.8,https://vulners.com/cve/CVE-2016-1908
192.168.2.128,tcp,22,open,ssh,OpenSSH,4.7p1 Debian 8ubuntu1,cpe:/o:linux:linux_kernel,CVE-2015-5600,8.5,https://vulners.com/cve/CVE-2015-5600
192.168.2.128,tcp,22,open,ssh,OpenSSH,4.7p1 Debian 8ubuntu1,cpe:/o:linux:linux_kernel,CVE-2020-15778,7.8,https://vulners.com/cve/CVE-2020-15778
192.168.2.128,tcp,22,open,ssh,OpenSSH,4.7p1 Debian 8ubuntu1,cpe:/o:linux:linux_kernel,CVE-2016-10012,7.8,https://vulners.com/cve/CVE-2016-10012
192.168.2.128,tcp,22,open,ssh,OpenSSH,4.7p1 Debian 8ubuntu1,cpe:/o:linux:linux_kernel,CVE-2015-8325,7.8,https://vulners.com/cve/CVE-2015-8325
192.168.2.128,tcp,22,open,ssh,OpenSSH,4.7p1 Debian 8ubuntu1,cpe:/o:linux:linux_kernel,CVE-2016-6515,7.5,https://vulners.com/cve/CVE-2016-6515
192.168.2.128,tcp,22,open,ssh,OpenSSH,4.7p1 Debian 8ubuntu1,cpe:/o:linux:linux_kernel,CVE-2016-10708,7.5,https://vulners.com/cve/CVE-2016-10708
192.168.2.128,tcp,22,open,ssh,OpenSSH,4.7p1 Debian 8ubuntu1,cpe:/o:linux:linux_kernel,CVE-2014-1692,7.5,https://vulners.com/cve/CVE-2014-1692
192.168.2.128,tcp,22,open,ssh,OpenSSH,4.7p1 Debian 8ubuntu1,cpe:/o:linux:linux_kernel,CVE-2010-4478,7.5,https://vulners.com/cve/CVE-2010-4478
192.168.2.128,tcp,22,open,ssh,OpenSSH,4.7p1 Debian 8ubuntu1,cpe:/o:linux:linux_kernel,CVE-2016-10009,7.3,https://vulners.com/cve/CVE-2016-10009
192.168.2.128,tcp,22,open,ssh,OpenSSH,4.7p1 Debian 8ubuntu1,cpe:/o:linux:linux_kernel,CVE-2016-10010,7.0,https://vulners.com/cve/CVE-2016-10010
192.168.2.128,tcp,22,open,ssh,OpenSSH,4.7p1 Debian 8ubuntu1,cpe:/o:linux:linux_kernel,CVE-2015-6564,6.9,https://vulners.com/cve/CVE-2015-6564
192.168.2.128,tcp,22,open,ssh,OpenSSH,4.7p1 Debian 8ubuntu1,cpe:/o:linux:linux_kernel,CVE-2019-6110,6.8,https://vulners.com/cve/CVE-2019-6110
192.168.2.128,tcp,22,open,ssh,OpenSSH,4.7p1 Debian 8ubuntu1,cpe:/o:linux:linux_kernel,CVE-2019-6109,6.8,https://vulners.com/cve/CVE-2019-6109
192.168.2.128,tcp,22,open,ssh,OpenSSH,4.7p1 Debian 8ubuntu1,cpe:/o:linux:linux_kernel,CVE-2023-51385,6.5,https://vulners.com/cve/CVE-2023-51385
192.168.2.128,tcp,22,open,ssh,OpenSSH,4.7p1 Debian 8ubuntu1,cpe:/o:linux:linux_kernel,CVE-2008-1657,6.5,https://vulners.com/cve/CVE-2008-1657
192.168.2.128,tcp,22,open,ssh,OpenSSH,4.7p1 Debian 8ubuntu1,cpe:/o:linux:linux_kernel,CVE-2016-3115,6.4,https://vulners.com/cve/CVE-2016-3115
192.168.2.128,tcp,22,open,ssh,OpenSSH,4.7p1 Debian 8ubuntu1,cpe:/o:linux:linux_kernel,CVE-2023-48795,5.9,https://vulners.com/cve/CVE-2023-48795
192.168.2.128,tcp,22,open,ssh,OpenSSH,4.7p1 Debian 8ubuntu1,cpe:/o:linux:linux_kernel,CVE-2019-6111,5.9,https://vulners.com/cve/CVE-2019-6111
192.168.2.128,tcp,22,open,ssh,OpenSSH,4.7p1 Debian 8ubuntu1,cpe:/o:linux:linux_kernel,CVE-2016-6210,5.9,https://vulners.com/cve/CVE-2016-6210
192.168.2.128,tcp,22,open,ssh,OpenSSH,4.7p1 Debian 8ubuntu1,cpe:/o:linux:linux_kernel,CVE-2014-2653,5.8,https://vulners.com/cve/CVE-2014-2653
192.168.2.128,tcp,22,open,ssh,OpenSSH,4.7p1 Debian 8ubuntu1,cpe:/o:linux:linux_kernel,CVE-2016-10011,5.5,https://vulners.com/cve/CVE-2016-10011
192.168.2.128,tcp,22,open,ssh,OpenSSH,4.7p1 Debian 8ubuntu1,cpe:/o:linux:linux_kernel,CVE-2018-20685,5.3,https://vulners.com/cve/CVE-2018-20685
192.168.2.128,tcp,22,open,ssh,OpenSSH,4.7p1 Debian 8ubuntu1,cpe:/o:linux:linux_kernel,CVE-2018-15473,5.3,https://vulners.com/cve/CVE-2018-15473
192.168.2.128,tcp,22,open,ssh,OpenSSH,4.7p1 Debian 8ubuntu1,cpe:/o:linux:linux_kernel,CVE-2017-15906,5.3,https://vulners.com/cve/CVE-2017-15906
192.168.2.128,tcp,22,open,ssh,OpenSSH,4.7p1 Debian 8ubuntu1,cpe:/o:linux:linux_kernel,CVE-2016-20012,5.3,https://vulners.com/cve/CVE-2016-20012
192.168.2.128,tcp,22,open,ssh,OpenSSH,4.7p1 Debian 8ubuntu1,cpe:/o:linux:linux_kernel,CVE-2010-5107,5.0,https://vulners.com/cve/CVE-2010-5107
192.168.2.128,tcp,22,open,ssh,OpenSSH,4.7p1 Debian 8ubuntu1,cpe:/o:linux:linux_kernel,CVE-2014-2532,4.9,https://vulners.com/cve/CVE-2014-2532
192.168.2.128,tcp,22,open,ssh,OpenSSH,4.7p1 Debian 8ubuntu1,cpe:/o:linux:linux_kernel,CVE-2015-5352,4.3,https://vulners.com/cve/CVE-2015-5352
192.168.2.128,tcp,22,open,ssh,OpenSSH,4.7p1 Debian 8ubuntu1,cpe:/o:linux:linux_kernel,CVE-2010-4755,4.0,https://vulners.com/cve/CVE-2010-4755
192.168.2.128,tcp,22,open,ssh,OpenSSH,4.7p1 Debian 8ubuntu1,cpe:/o:linux:linux_kernel,CVE-2021-36368,3.7,https://vulners.com/cve/CVE-2021-36368
192.168.2.128,tcp,22,open,ssh,OpenSSH,4.7p1 Debian 8ubuntu1,cpe:/o:linux:linux_kernel,CVE-2012-0814,3.5,https://vulners.com/cve/CVE-2012-0814
192.168.2.128,tcp,22,open,ssh,OpenSSH,4.7p1 Debian 8ubuntu1,cpe:/o:linux:linux_kernel,CVE-2011-5000,3.5,https://vulners.com/cve/CVE-2011-5000
192.168.2.128,tcp,22,open,ssh,OpenSSH,4.7p1 Debian 8ubuntu1,cpe:/o:linux:linux_kernel,CVE-2011-4327,2.1,https://vulners.com/cve/CVE-2011-4327
192.168.2.128,tcp,22,open,ssh,OpenSSH,4.7p1 Debian 8ubuntu1,cpe:/o:linux:linux_kernel,CVE-2015-6563,1.9,https://vulners.com/cve/CVE-2015-6563
192.168.2.128,tcp,22,open,ssh,OpenSSH,4.7p1 Debian 8ubuntu1,cpe:/o:linux:linux_kernel,CVE-2008-3259,1.2,https://vulners.com/cve/CVE-2008-3259
192.168.2.128,tcp,23,open,telnet,Linux telnetd,,cpe:/o:linux:linux_kernel,,,
192.168.2.128,tcp,25,open,smtp,Postfix smtpd,,cpe:/a:postfix:postfix,,,
192.168.2.128,tcp,53,open,domain,ISC BIND,9.4.2,cpe:/a:isc:bind:9.4.2,CVE-2008-0122,10.0,https://vulners.com/cve/CVE-2008-0122
192.168.2.128,tcp,53,open,domain,ISC BIND,9.4.2,cpe:/a:isc:bind:9.4.2,CVE-2021-25216,9.8,https://vulners.com/cve/CVE-2021-25216
192.168.2.128,tcp,53,open,domain,ISC BIND,9.4.2,cpe:/a:isc:bind:9.4.2,CVE-2020-8616,8.6,https://vulners.com/cve/CVE-2020-8616
192.168.2.128,tcp,53,open,domain,ISC BIND,9.4.2,cpe:/a:isc:bind:9.4.2,CVE-2016-1286,8.6,https://vulners.com/cve/CVE-2016-1286
192.168.2.128,tcp,53,open,domain,ISC BIND,9.4.2,cpe:/a:isc:bind:9.4.2,CVE-2012-1667,8.5,https://vulners.com/cve/CVE-2012-1667
192.168.2.128,tcp,53,open,domain,ISC BIND,9.4.2,cpe:/a:isc:bind:9.4.2,CVE-2017-3141,7.8,https://vulners.com/cve/CVE-2017-3141
192.168.2.128,tcp,53,open,domain,ISC BIND,9.4.2,cpe:/a:isc:bind:9.4.2,CVE-2015-5722,7.8,https://vulners.com/cve/CVE-2015-5722
192.168.2.128,tcp,53,open,domain,ISC BIND,9.4.2,cpe:/a:isc:bind:9.4.2,CVE-2015-5477,7.8,https://vulners.com/cve/CVE-2015-5477
192.168.2.128,tcp,53,open,domain,ISC BIND,9.4.2,cpe:/a:isc:bind:9.4.2,CVE-2014-8500,7.8,https://vulners.com/cve/CVE-2014-8500
192.168.2.128,tcp,53,open,domain,ISC BIND,9.4.2,cpe:/a:isc:bind:9.4.2,CVE-2012-5166,7.8,https://vulners.com/cve/CVE-2012-5166
192.168.2.128,tcp,53,open,domain,ISC BIND,9.4.2,cpe:/a:isc:bind:9.4.2,CVE-2012-4244,7.8,https://vulners.com/cve/CVE-2012-4244
192.168.2.128,tcp,53,open,domain,ISC BIND,9.4.2,cpe:/a:isc:bind:9.4.2,CVE-2012-3817,7.8,https://vulners.com/cve/CVE-2012-3817
192.168.2.128,tcp,53,open,domain,ISC BIND,9.4.2,cpe:/a:isc:bind:9.4.2,CVE-2008-4163,7.8,https://vulners.com/cve/CVE-2008-4163
192.168.2.128,tcp,53,open,domain,ISC BIND,9.4.2,cpe:/a:isc:bind:9.4.2,CVE-2010-0382,7.6,https://vulners.com/cve/CVE-2010-0382
192.168.2.128,tcp,53,open,domain,ISC BIND,9.4.2,cpe:/a:isc:bind:9.4.2,CVE-2023-50387,7.5,https://vulners.com/cve/CVE-2023-50387
192.168.2.128,tcp,53,open,domain,ISC BIND,9.4.2,cpe:/a:isc:bind:9.4.2,CVE-2023-3341,7.5,https://vulners.com/cve/CVE-2023-3341
192.168.2.128,tcp,53,open,domain,ISC BIND,9.4.2,cpe:/a:isc:bind:9.4.2,CVE-2021-25215,7.5,https://vulners.com/cve/CVE-2021-25215
192.168.2.128,tcp,53,open,domain,ISC BIND,9.4.2,cpe:/a:isc:bind:9.4.2,CVE-2020-8617,7.5,https://vulners.com/cve/CVE-2020-8617
192.168.2.128,tcp,53,open,domain,ISC BIND,9.4.2,cpe:/a:isc:bind:9.4.2,CVE-2017-3145,7.5,https://vulners.com/cve/CVE-2017-3145
192.168.2.128,tcp,53,open,domain,ISC BIND,9.4.2,cpe:/a:isc:bind:9.4.2,CVE-2017-3143,7.5,https://vulners.com/cve/CVE-2017-3143
192.168.2.128,tcp,53,open,domain,ISC BIND,9.4.2,cpe:/a:isc:bind:9.4.2,CVE-2016-9444,7.5,https://vulners.com/cve/CVE-2016-9444
192.168.2.128,tcp,53,open,domain,ISC BIND,9.4.2,cpe:/a:isc:bind:9.4.2,CVE-2016-9131,7.5,https://vulners.com/cve/CVE-2016-9131
192.168.2.128,tcp,53,open,domain,ISC BIND,9.4.2,cpe:/a:isc:bind:9.4.2,CVE-2016-8864,7.5,https://vulners.com/cve/CVE-2016-8864
192.168.2.128,tcp,53,open,domain,ISC BIND,9.4.2,cpe:/a:isc:bind:9.4.2,CVE-2016-2848,7.5,https://vulners.com/cve/CVE-2016-2848
192.168.2.128,tcp,53,open,domain,ISC BIND,9.4.2,cpe:/a:isc:bind:9.4.2,CVE-2016-2776,7.5,https://vulners.com/cve/CVE-2016-2776
192.168.2.128,tcp,53,open,domain,ISC BIND,9.4.2,cpe:/a:isc:bind:9.4.2,CVE-2009-0265,7.5,https://vulners.com/cve/CVE-2009-0265
192.168.2.128,tcp,53,open,domain,ISC BIND,9.4.2,cpe:/a:isc:bind:9.4.2,CVE-2015-8461,7.1,https://vulners.com/cve/CVE-2015-8461
192.168.2.128,tcp,53,open,domain,ISC BIND,9.4.2,cpe:/a:isc:bind:9.4.2,CVE-2015-5986,7.1,https://vulners.com/cve/CVE-2015-5986
192.168.2.128,tcp,53,open,domain,ISC BIND,9.4.2,cpe:/a:isc:bind:9.4.2,CVE-2015-8705,7.0,https://vulners.com/cve/CVE-2015-8705
192.168.2.128,tcp,53,open,domain,ISC BIND,9.4.2,cpe:/a:isc:bind:9.4.2,CVE-2016-1285,6.8,https://vulners.com/cve/CVE-2016-1285
192.168.2.128,tcp,53,open,domain,ISC BIND,9.4.2,cpe:/a:isc:bind:9.4.2,CVE-2009-0025,6.8,https://vulners.com/cve/CVE-2009-0025
192.168.2.128,tcp,53,open,domain,ISC BIND,9.4.2,cpe:/a:isc:bind:9.4.2,CVE-2020-8622,6.5,https://vulners.com/cve/CVE-2020-8622
192.168.2.128,tcp,53,open,domain,ISC BIND,9.4.2,cpe:/a:isc:bind:9.4.2,CVE-2018-5741,6.5,https://vulners.com/cve/CVE-2018-5741
192.168.2.128,tcp,53,open,domain,ISC BIND,9.4.2,cpe:/a:isc:bind:9.4.2,CVE-2016-6170,6.5,https://vulners.com/cve/CVE-2016-6170
192.168.2.128,tcp,53,open,domain,ISC BIND,9.4.2,cpe:/a:isc:bind:9.4.2,CVE-2015-8704,6.5,https://vulners.com/cve/CVE-2015-8704
192.168.2.128,tcp,53,open,domain,ISC BIND,9.4.2,cpe:/a:isc:bind:9.4.2,CVE-2010-3614,6.4,https://vulners.com/cve/CVE-2010-3614
192.168.2.128,tcp,53,open,domain,ISC BIND,9.4.2,cpe:/a:isc:bind:9.4.2,CVE-2016-2775,5.9,https://vulners.com/cve/CVE-2016-2775
192.168.2.128,tcp,53,open,domain,ISC BIND,9.4.2,cpe:/a:isc:bind:9.4.2,CVE-2022-2795,5.3,https://vulners.com/cve/CVE-2022-2795
192.168.2.128,tcp,53,open,domain,ISC BIND,9.4.2,cpe:/a:isc:bind:9.4.2,CVE-2021-25219,5.3,https://vulners.com/cve/CVE-2021-25219
192.168.2.128,tcp,53,open,domain,ISC BIND,9.4.2,cpe:/a:isc:bind:9.4.2,CVE-2017-3142,5.3,https://vulners.com/cve/CVE-2017-3142
192.168.2.128,tcp,53,open,domain,ISC BIND,9.4.2,cpe:/a:isc:bind:9.4.2,CVE-2015-8000,5.0,https://vulners.com/cve/CVE-2015-8000
192.168.2.128,tcp,53,open,domain,ISC BIND,9.4.2,cpe:/a:isc:bind:9.4.2,CVE-2012-1033,5.0,https://vulners.com/cve/CVE-2012-1033
192.168.2.128,tcp,53,open,domain,ISC BIND,9.4.2,cpe:/a:isc:bind:9.4.2,CVE-2011-4313,5.0,https://vulners.com/cve/CVE-2011-4313
192.168.2.128,tcp,53,open,domain,ISC BIND,9.4.2,cpe:/a:isc:bind:9.4.2,CVE-2011-1910,5.0,https://vulners.com/cve/CVE-2011-1910
192.168.2.128,tcp,53,open,domain,ISC BIND,9.4.2,cpe:/a:isc:bind:9.4.2,CVE-2010-3762,4.3,https://vulners.com/cve/CVE-2010-3762
192.168.2.128,tcp,53,open,domain,ISC BIND,9.4.2,cpe:/a:isc:bind:9.4.2,CVE-2010-0097,4.3,https://vulners.com/cve/CVE-2010-0097
192.168.2.128,tcp,53,open,domain,ISC BIND,9.4.2,cpe:/a:isc:bind:9.4.2,CVE-2009-0696,4.3,https://vulners.com/cve/CVE-2009-0696
192.168.2.128,tcp,53,open,domain,ISC BIND,9.4.2,cpe:/a:isc:bind:9.4.2,CVE-2010-0290,4.0,https://vulners.com/cve/CVE-2010-0290
192.168.2.128,tcp,53,open,domain,ISC BIND,9.4.2,cpe:/a:isc:bind:9.4.2,CVE-2009-4022,2.6,https://vulners.com/cve/CVE-2009-4022
192.168.2.128,tcp,80,open,http,Apache httpd,2.2.8,cpe:/a:apache:http_server:2.2.8,CVE-2010-0425,10.0,https://vulners.com/cve/CVE-2010-0425
192.168.2.128,tcp,80,open,http,Apache httpd,2.2.8,cpe:/a:apache:http_server:2.2.8,CVE-2023-25690,9.8,https://vulners.com/cve/CVE-2023-25690
192.168.2.128,tcp,80,open,http,Apache httpd,2.2.8,cpe:/a:apache:http_server:2.2.8,CVE-2022-31813,9.8,https://vulners.com/cve/CVE-2022-31813
192.168.2.128,tcp,80,open,http,Apache httpd,2.2.8,cpe:/a:apache:http_server:2.2.8,CVE-2022-23943,9.8,https://vulners.com/cve/CVE-2022-23943
192.168.2.128,tcp,80,open,http,Apache httpd,2.2.8,cpe:/a:apache:http_server:2.2.8,CVE-2022-22720,9.8,https://vulners.com/cve/CVE-2022-22720
192.168.2.128,tcp,80,open,http,Apache httpd,2.2.8,cpe:/a:apache:http_server:2.2.8,CVE-2021-44790,9.8,https://vulners.com/cve/CVE-2021-44790
192.168.2.128,tcp,80,open,http,Apache httpd,2.2.8,cpe:/a:apache:http_server:2.2.8,CVE-2021-42013,9.8,https://vulners.com/cve/CVE-2021-42013
192.168.2.128,tcp,80,open,http,Apache httpd,2.2.8,cpe:/a:apache:http_server:2.2.8,CVE-2021-39275,9.8,https://vulners.com/cve/CVE-2021-39275
192.168.2.128,tcp,80,open,http,Apache httpd,2.2.8,cpe:/a:apache:http_server:2.2.8,CVE-2021-26691,9.8,https://vulners.com/cve/CVE-2021-26691
192.168.2.128,tcp,80,open,http,Apache httpd,2.2.8,cpe:/a:apache:http_server:2.2.8,CVE-2018-1312,9.8,https://vulners.com/cve/CVE-2018-1312
192.168.2.128,tcp,80,open,http,Apache httpd,2.2.8,cpe:/a:apache:http_server:2.2.8,CVE-2017-7679,9.8,https://vulners.com/cve/CVE-2017-7679
192.168.2.128,tcp,80,open,http,Apache httpd,2.2.8,cpe:/a:apache:http_server:2.2.8,CVE-2017-3169,9.8,https://vulners.com/cve/CVE-2017-3169
192.168.2.128,tcp,80,open,http,Apache httpd,2.2.8,cpe:/a:apache:http_server:2.2.8,CVE-2017-3167,9.8,https://vulners.com/cve/CVE-2017-3167
192.168.2.128,tcp,80,open,http,Apache httpd,2.2.8,cpe:/a:apache:http_server:2.2.8,CVE-2022-28615,9.1,https://vulners.com/cve/CVE-2022-28615
192.168.2.128,tcp,80,open,http,Apache httpd,2.2.8,cpe:/a:apache:http_server:2.2.8,CVE-2022-22721,9.1,https://vulners.com/cve/CVE-2022-22721
192.168.2.128,tcp,80,open,http,Apache httpd,2.2.8,cpe:/a:apache:http_server:2.2.8,CVE-2017-9788,9.1,https://vulners.com/cve/CVE-2017-9788
192.168.2.128,tcp,80,open,http,Apache httpd,2.2.8,cpe:/a:apache:http_server:2.2.8,CVE-2022-36760,9.0,https://vulners.com/cve/CVE-2022-36760
192.168.2.128,tcp,80,open,http,Apache httpd,2.2.8,cpe:/a:apache:http_server:2.2.8,CVE-2021-40438,9.0,https://vulners.com/cve/CVE-2021-40438
192.168.2.128,tcp,80,open,http,Apache httpd,2.2.8,cpe:/a:apache:http_server:2.2.8,CVE-2021-44224,8.2,https://vulners.com/cve/CVE-2021-44224
192.168.2.128,tcp,80,open,http,Apache httpd,2.2.8,cpe:/a:apache:http_server:2.2.8,CVE-2016-5387,8.1,https://vulners.com/cve/CVE-2016-5387
192.168.2.128,tcp,80,open,http,Apache httpd,2.2.8,cpe:/a:apache:http_server:2.2.8,CVE-2011-3192,7.8,https://vulners.com/cve/CVE-2011-3192
192.168.2.128,tcp,80,open,http,Apache httpd,2.2.8,cpe:/a:apache:http_server:2.2.8,CVE-2024-27316,7.5,https://vulners.com/cve/CVE-2024-27316
192.168.2.128,tcp,80,open,http,Apache httpd,2.2.8,cpe:/a:apache:http_server:2.2.8,CVE-2023-43622,7.5,https://vulners.com/cve/CVE-2023-43622
192.168.2.128,tcp,80,open,http,Apache httpd,2.2.8,cpe:/a:apache:http_server:2.2.8,CVE-2023-31122,7.5,https://vulners.com/cve/CVE-2023-31122
192.168.2.128,tcp,80,open,http,Apache httpd,2.2.8,cpe:/a:apache:http_server:2.2.8,CVE-2023-27522,7.5,https://vulners.com/cve/CVE-2023-27522
192.168.2.128,tcp,80,open,http,Apache httpd,2.2.8,cpe:/a:apache:http_server:2.2.8,CVE-2022-30556,7.5,https://vulners.com/cve/CVE-2022-30556
192.168.2.128,tcp,80,open,http,Apache httpd,2.2.8,cpe:/a:apache:http_server:2.2.8,CVE-2022-30522,7.5,https://vulners.com/cve/CVE-2022-30522
192.168.2.128,tcp,80,open,http,Apache httpd,2.2.8,cpe:/a:apache:http_server:2.2.8,CVE-2022-29404,7.5,https://vulners.com/cve/CVE-2022-29404
192.168.2.128,tcp,80,open,http,Apache httpd,2.2.8,cpe:/a:apache:http_server:2.2.8,CVE-2022-26377,7.5,https://vulners.com/cve/CVE-2022-26377
192.168.2.128,tcp,80,open,http,Apache httpd,2.2.8,cpe:/a:apache:http_server:2.2.8,CVE-2022-22719,7.5,https://vulners.com/cve/CVE-2022-22719
192.168.2.128,tcp,80,open,http,Apache httpd,2.2.8,cpe:/a:apache:http_server:2.2.8,CVE-2021-41773,7.5,https://vulners.com/cve/CVE-2021-41773
192.168.2.128,tcp,80,open,http,Apache httpd,2.2.8,cpe:/a:apache:http_server:2.2.8,CVE-2021-41524,7.5,https://vulners.com/cve/CVE-2021-41524
192.168.2.128,tcp,80,open,http,Apache httpd,2.2.8,cpe:/a:apache:http_server:2.2.8,CVE-2021-36160,7.5,https://vulners.com/cve/CVE-2021-36160
192.168.2.128,tcp,80,open,http,Apache httpd,2.2.8,cpe:/a:apache:http_server:2.2.8,CVE-2021-34798,7.5,https://vulners.com/cve/CVE-2021-34798
192.168.2.128,tcp,80,open,http,Apache httpd,2.2.8,cpe:/a:apache:http_server:2.2.8,CVE-2021-31618,7.5,https://vulners.com/cve/CVE-2021-31618
192.168.2.128,tcp,80,open,http,Apache httpd,2.2.8,cpe:/a:apache:http_server:2.2.8,CVE-2021-26690,7.5,https://vulners.com/cve/CVE-2021-26690
192.168.2.128,tcp,80,open,http,Apache httpd,2.2.8,cpe:/a:apache:http_server:2.2.8,CVE-2020-13950,7.5,https://vulners.com/cve/CVE-2020-13950
192.168.2.128,tcp,80,open,http,Apache httpd,2.2.8,cpe:/a:apache:http_server:2.2.8,CVE-2019-0215,7.5,https://vulners.com/cve/CVE-2019-0215
192.168.2.128,tcp,80,open,http,Apache httpd,2.2.8,cpe:/a:apache:http_server:2.2.8,CVE-2019-0190,7.5,https://vulners.com/cve/CVE-2019-0190
192.168.2.128,tcp,80,open,http,Apache httpd,2.2.8,cpe:/a:apache:http_server:2.2.8,CVE-2018-1303,7.5,https://vulners.com/cve/CVE-2018-1303
192.168.2.128,tcp,80,open,http,Apache httpd,2.2.8,cpe:/a:apache:http_server:2.2.8,CVE-2017-9798,7.5,https://vulners.com/cve/CVE-2017-9798
192.168.2.128,tcp,80,open,http,Apache httpd,2.2.8,cpe:/a:apache:http_server:2.2.8,CVE-2017-9789,7.5,https://vulners.com/cve/CVE-2017-9789
192.168.2.128,tcp,80,open,http,Apache httpd,2.2.8,cpe:/a:apache:http_server:2.2.8,CVE-2017-7668,7.5,https://vulners.com/cve/CVE-2017-7668
192.168.2.128,tcp,80,open,http,Apache httpd,2.2.8,cpe:/a:apache:http_server:2.2.8,CVE-2017-7659,7.5,https://vulners.com/cve/CVE-2017-7659
192.168.2.128,tcp,80,open,http,Apache httpd,2.2.8,cpe:/a:apache:http_server:2.2.8,CVE-2017-15710,7.5,https://vulners.com/cve/CVE-2017-15710
192.168.2.128,tcp,80,open,http,Apache httpd,2.2.8,cpe:/a:apache:http_server:2.2.8,CVE-2016-8743,7.5,https://vulners.com/cve/CVE-2016-8743
192.168.2.128,tcp,80,open,http,Apache httpd,2.2.8,cpe:/a:apache:http_server:2.2.8,CVE-2009-2699,7.5,https://vulners.com/cve/CVE-2009-2699
192.168.2.128,tcp,80,open,http,Apache httpd,2.2.8,cpe:/a:apache:http_server:2.2.8,CVE-2009-1955,7.5,https://vulners.com/cve/CVE-2009-1955
192.168.2.128,tcp,80,open,http,Apache httpd,2.2.8,cpe:/a:apache:http_server:2.2.8,CVE-2006-20001,7.5,https://vulners.com/cve/CVE-2006-20001
192.168.2.128,tcp,80,open,http,Apache httpd,2.2.8,cpe:/a:apache:http_server:2.2.8,CVE-2020-35452,7.3,https://vulners.com/cve/CVE-2020-35452
192.168.2.128,tcp,80,open,http,Apache httpd,2.2.8,cpe:/a:apache:http_server:2.2.8,CVE-2009-1891,7.1,https://vulners.com/cve/CVE-2009-1891
192.168.2.128,tcp,80,open,http,Apache httpd,2.2.8,cpe:/a:apache:http_server:2.2.8,CVE-2009-1890,7.1,https://vulners.com/cve/CVE-2009-1890
192.168.2.128,tcp,80,open,http,Apache httpd,2.2.8,cpe:/a:apache:http_server:2.2.8,CVE-2012-0883,6.9,https://vulners.com/cve/CVE-2012-0883
192.168.2.128,tcp,80,open,http,Apache httpd,2.2.8,cpe:/a:apache:http_server:2.2.8,CVE-2014-0226,6.8,https://vulners.com/cve/CVE-2014-0226
192.168.2.128,tcp,80,open,http,Apache httpd,2.2.8,cpe:/a:apache:http_server:2.2.8,CVE-2009-1956,6.4,https://vulners.com/cve/CVE-2009-1956
192.168.2.128,tcp,80,open,http,Apache httpd,2.2.8,cpe:/a:apache:http_server:2.2.8,CVE-2016-4975,6.1,https://vulners.com/cve/CVE-2016-4975
192.168.2.128,tcp,80,open,http,Apache httpd,2.2.8,cpe:/a:apache:http_server:2.2.8,CVE-2023-45802,5.9,https://vulners.com/cve/CVE-2023-45802
192.168.2.128,tcp,80,open,http,Apache httpd,2.2.8,cpe:/a:apache:http_server:2.2.8,CVE-2018-1302,5.9,https://vulners.com/cve/CVE-2018-1302
192.168.2.128,tcp,80,open,http,Apache httpd,2.2.8,cpe:/a:apache:http_server:2.2.8,CVE-2018-1301,5.9,https://vulners.com/cve/CVE-2018-1301
192.168.2.128,tcp,80,open,http,Apache httpd,2.2.8,cpe:/a:apache:http_server:2.2.8,CVE-2009-3555,5.8,https://vulners.com/cve/CVE-2009-3555
192.168.2.128,tcp,80,open,http,Apache httpd,2.2.8,cpe:/a:apache:http_server:2.2.8,CVE-2020-13938,5.5,https://vulners.com/cve/CVE-2020-13938
192.168.2.128,tcp,80,open,http,Apache httpd,2.2.8,cpe:/a:apache:http_server:2.2.8,CVE-2022-37436,5.3,https://vulners.com/cve/CVE-2022-37436
192.168.2.128,tcp,80,open,http,Apache httpd,2.2.8,cpe:/a:apache:http_server:2.2.8,CVE-2022-28614,5.3,https://vulners.com/cve/CVE-2022-28614
192.168.2.128,tcp,80,open,http,Apache httpd,2.2.8,cpe:/a:apache:http_server:2.2.8,CVE-2022-28330,5.3,https://vulners.com/cve/CVE-2022-28330
192.168.2.128,tcp,80,open,http,Apache httpd,2.2.8,cpe:/a:apache:http_server:2.2.8,CVE-2021-30641,5.3,https://vulners.com/cve/CVE-2021-30641
192.168.2.128,tcp,80,open,http,Apache httpd,2.2.8,cpe:/a:apache:http_server:2.2.8,CVE-2019-17567,5.3,https://vulners.com/cve/CVE-2019-17567
192.168.2.128,tcp,80,open,http,Apache httpd,2.2.8,cpe:/a:apache:http_server:2.2.8,CVE-2013-1862,5.1,https://vulners.com/cve/CVE-2013-1862
192.168.2.128,tcp,80,open,http,Apache httpd,2.2.8,cpe:/a:apache:http_server:2.2.8,CVE-2015-3183,5.0,https://vulners.com/cve/CVE-2015-3183
192.168.2.128,tcp,80,open,http,Apache httpd,2.2.8,cpe:/a:apache:http_server:2.2.8,CVE-2015-0228,5.0,https://vulners.com/cve/CVE-2015-0228
192.168.2.128,tcp,80,open,http,Apache httpd,2.2.8,cpe:/a:apache:http_server:2.2.8,CVE-2014-0231,5.0,https://vulners.com/cve/CVE-2014-0231
192.168.2.128,tcp,80,open,http,Apache httpd,2.2.8,cpe:/a:apache:http_server:2.2.8,CVE-2014-0098,5.0,https://vulners.com/cve/CVE-2014-0098
192.168.2.128,tcp,80,open,http,Apache httpd,2.2.8,cpe:/a:apache:http_server:2.2.8,CVE-2013-6438,5.0,https://vulners.com/cve/CVE-2013-6438
192.168.2.128,tcp,80,open,http,Apache httpd,2.2.8,cpe:/a:apache:http_server:2.2.8,CVE-2013-5704,5.0,https://vulners.com/cve/CVE-2013-5704
192.168.2.128,tcp,80,open,http,Apache httpd,2.2.8,cpe:/a:apache:http_server:2.2.8,CVE-2011-3368,5.0,https://vulners.com/cve/CVE-2011-3368
192.168.2.128,tcp,80,open,http,Apache httpd,2.2.8,cpe:/a:apache:http_server:2.2.8,CVE-2010-1623,5.0,https://vulners.com/cve/CVE-2010-1623
192.168.2.128,tcp,80,open,http,Apache httpd,2.2.8,cpe:/a:apache:http_server:2.2.8,CVE-2010-1452,5.0,https://vulners.com/cve/CVE-2010-1452
192.168.2.128,tcp,80,open,http,Apache httpd,2.2.8,cpe:/a:apache:http_server:2.2.8,CVE-2010-0408,5.0,https://vulners.com/cve/CVE-2010-0408
192.168.2.128,tcp,80,open,http,Apache httpd,2.2.8,cpe:/a:apache:http_server:2.2.8,CVE-2009-3720,5.0,https://vulners.com/cve/CVE-2009-3720
192.168.2.128,tcp,80,open,http,Apache httpd,2.2.8,cpe:/a:apache:http_server:2.2.8,CVE-2009-3560,5.0,https://vulners.com/cve/CVE-2009-3560
192.168.2.128,tcp,80,open,http,Apache httpd,2.2.8,cpe:/a:apache:http_server:2.2.8,CVE-2009-3095,5.0,https://vulners.com/cve/CVE-2009-3095
192.168.2.128,tcp,80,open,http,Apache httpd,2.2.8,cpe:/a:apache:http_server:2.2.8,CVE-2008-2364,5.0,https://vulners.com/cve/CVE-2008-2364
192.168.2.128,tcp,80,open,http,Apache httpd,2.2.8,cpe:/a:apache:http_server:2.2.8,CVE-2007-6750,5.0,https://vulners.com/cve/CVE-2007-6750
192.168.2.128,tcp,80,open,http,Apache httpd,2.2.8,cpe:/a:apache:http_server:2.2.8,CVE-2009-1195,4.9,https://vulners.com/cve/CVE-2009-1195
192.168.2.128,tcp,80,open,http,Apache httpd,2.2.8,cpe:/a:apache:http_server:2.2.8,CVE-2012-0031,4.6,https://vulners.com/cve/CVE-2012-0031
192.168.2.128,tcp,80,open,http,Apache httpd,2.2.8,cpe:/a:apache:http_server:2.2.8,CVE-2011-3607,4.4,https://vulners.com/cve/CVE-2011-3607
192.168.2.128,tcp,80,open,http,Apache httpd,2.2.8,cpe:/a:apache:http_server:2.2.8,CVE-2016-8612,4.3,https://vulners.com/cve/CVE-2016-8612
192.168.2.128,tcp,80,open,http,Apache httpd,2.2.8,cpe:/a:apache:http_server:2.2.8,CVE-2014-0118,4.3,https://vulners.com/cve/CVE-2014-0118
192.168.2.128,tcp,80,open,http,Apache httpd,2.2.8,cpe:/a:apache:http_server:2.2.8,CVE-2013-1896,4.3,https://vulners.com/cve/CVE-2013-1896
192.168.2.128,tcp,80,open,http,Apache httpd,2.2.8,cpe:/a:apache:http_server:2.2.8,CVE-2012-4558,4.3,https://vulners.com/cve/CVE-2012-4558
192.168.2.128,tcp,80,open,http,Apache httpd,2.2.8,cpe:/a:apache:http_server:2.2.8,CVE-2012-3499,4.3,https://vulners.com/cve/CVE-2012-3499
192.168.2.128,tcp,80,open,http,Apache httpd,2.2.8,cpe:/a:apache:http_server:2.2.8,CVE-2012-0053,4.3,https://vulners.com/cve/CVE-2012-0053
192.168.2.128,tcp,80,open,http,Apache httpd,2.2.8,cpe:/a:apache:http_server:2.2.8,CVE-2011-4317,4.3,https://vulners.com/cve/CVE-2011-4317
192.168.2.128,tcp,80,open,http,Apache httpd,2.2.8,cpe:/a:apache:http_server:2.2.8,CVE-2011-3639,4.3,https://vulners.com/cve/CVE-2011-3639
192.168.2.128,tcp,80,open,http,Apache httpd,2.2.8,cpe:/a:apache:http_server:2.2.8,CVE-2011-0419,4.3,https://vulners.com/cve/CVE-2011-0419
192.168.2.128,tcp,80,open,http,Apache httpd,2.2.8,cpe:/a:apache:http_server:2.2.8,CVE-2010-0434,4.3,https://vulners.com/cve/CVE-2010-0434
192.168.2.128,tcp,80,open,http,Apache httpd,2.2.8,cpe:/a:apache:http_server:2.2.8,CVE-2009-0023,4.3,https://vulners.com/cve/CVE-2009-0023
192.168.2.128,tcp,80,open,http,Apache httpd,2.2.8,cpe:/a:apache:http_server:2.2.8,CVE-2008-2939,4.3,https://vulners.com/cve/CVE-2008-2939
192.168.2.128,tcp,80,open,http,Apache httpd,2.2.8,cpe:/a:apache:http_server:2.2.8,CVE-2008-0455,4.3,https://vulners.com/cve/CVE-2008-0455
192.168.2.128,tcp,80,open,http,Apache httpd,2.2.8,cpe:/a:apache:http_server:2.2.8,CVE-2007-6420,4.3,https://vulners.com/cve/CVE-2007-6420
192.168.2.128,tcp,80,open,http,Apache httpd,2.2.8,cpe:/a:apache:http_server:2.2.8,CVE-2012-2687,2.6,https://vulners.com/cve/CVE-2012-2687
192.168.2.128,tcp,80,open,http,Apache httpd,2.2.8,cpe:/a:apache:http_server:2.2.8,CVE-2009-3094,2.6,https://vulners.com/cve/CVE-2009-3094
192.168.2.128,tcp,80,open,http,Apache httpd,2.2.8,cpe:/a:apache:http_server:2.2.8,CVE-2008-0456,2.6,https://vulners.com/cve/CVE-2008-0456
192.168.2.128,tcp,80,open,http,Apache httpd,2.2.8,cpe:/a:apache:http_server:2.2.8,CVE-2011-4415,1.2,https://vulners.com/cve/CVE-2011-4415
192.168.2.128,tcp,80,open,http,Apache httpd,2.2.8,cpe:/a:apache:http_server:2.2.8,CVE-2024-24795,0.0,https://vulners.com/cve/CVE-2024-24795
192.168.2.128,tcp,80,open,http,Apache httpd,2.2.8,cpe:/a:apache:http_server:2.2.8,CVE-2023-38709,0.0,https://vulners.com/cve/CVE-2023-38709
192.168.2.128,tcp,139,open,netbios-ssn,Samba smbd,3.X - 4.X,cpe:/a:samba:samba,CVE-2015-0240,10.0,https://vulners.com/cve/CVE-2015-0240
192.168.2.128,tcp,139,open,netbios-ssn,Samba smbd,3.X - 4.X,cpe:/a:samba:samba,CVE-2012-1182,10.0,https://vulners.com/cve/CVE-2012-1182
192.168.2.128,tcp,139,open,netbios-ssn,Samba smbd,3.X - 4.X,cpe:/a:samba:samba,CVE-2007-2446,10.0,https://vulners.com/cve/CVE-2007-2446
192.168.2.128,tcp,139,open,netbios-ssn,Samba smbd,3.X - 4.X,cpe:/a:samba:samba,CVE-2004-1154,10.0,https://vulners.com/cve/CVE-2004-1154
192.168.2.128,tcp,139,open,netbios-ssn,Samba smbd,3.X - 4.X,cpe:/a:samba:samba,CVE-2004-0882,10.0,https://vulners.com/cve/CVE-2004-0882
192.168.2.128,tcp,139,open,netbios-ssn,Samba smbd,3.X - 4.X,cpe:/a:samba:samba,CVE-2004-0600,10.0,https://vulners.com/cve/CVE-2004-0600
192.168.2.128,tcp,139,open,netbios-ssn,Samba smbd,3.X - 4.X,cpe:/a:samba:samba,CVE-2023-3961,9.8,https://vulners.com/cve/CVE-2023-3961
192.168.2.128,tcp,139,open,netbios-ssn,Samba smbd,3.X - 4.X,cpe:/a:samba:samba,CVE-2022-45141,9.8,https://vulners.com/cve/CVE-2022-45141
192.168.2.128,tcp,139,open,netbios-ssn,Samba smbd,3.X - 4.X,cpe:/a:samba:samba,CVE-2017-7494,9.8,https://vulners.com/cve/CVE-2017-7494
192.168.2.128,tcp,139,open,netbios-ssn,Samba smbd,3.X - 4.X,cpe:/a:samba:samba,CVE-2009-1886,9.3,https://vulners.com/cve/CVE-2009-1886
192.168.2.128,tcp,139,open,netbios-ssn,Samba smbd,3.X - 4.X,cpe:/a:samba:samba,CVE-2007-6015,9.3,https://vulners.com/cve/CVE-2007-6015
192.168.2.128,tcp,139,open,netbios-ssn,Samba smbd,3.X - 4.X,cpe:/a:samba:samba,CVE-2007-5398,9.3,https://vulners.com/cve/CVE-2007-5398
192.168.2.128,tcp,139,open,netbios-ssn,Samba smbd,3.X - 4.X,cpe:/a:samba:samba,CVE-2007-4572,9.3,https://vulners.com/cve/CVE-2007-4572
192.168.2.128,tcp,139,open,netbios-ssn,Samba smbd,3.X - 4.X,cpe:/a:samba:samba,CVE-2022-42898,8.8,https://vulners.com/cve/CVE-2022-42898
192.168.2.128,tcp,139,open,netbios-ssn,Samba smbd,3.X - 4.X,cpe:/a:samba:samba,CVE-2022-32744,8.8,https://vulners.com/cve/CVE-2022-32744
192.168.2.128,tcp,139,open,netbios-ssn,Samba smbd,3.X - 4.X,cpe:/a:samba:samba,CVE-2022-2031,8.8,https://vulners.com/cve/CVE-2022-2031
192.168.2.128,tcp,139,open,netbios-ssn,Samba smbd,3.X - 4.X,cpe:/a:samba:samba,CVE-2022-0336,8.8,https://vulners.com/cve/CVE-2022-0336
192.168.2.128,tcp,139,open,netbios-ssn,Samba smbd,3.X - 4.X,cpe:/a:samba:samba,CVE-2021-44142,8.8,https://vulners.com/cve/CVE-2021-44142
192.168.2.128,tcp,139,open,netbios-ssn,Samba smbd,3.X - 4.X,cpe:/a:samba:samba,CVE-2021-3738,8.8,https://vulners.com/cve/CVE-2021-3738
192.168.2.128,tcp,139,open,netbios-ssn,Samba smbd,3.X - 4.X,cpe:/a:samba:samba,CVE-2020-25722,8.8,https://vulners.com/cve/CVE-2020-25722
192.168.2.128,tcp,139,open,netbios-ssn,Samba smbd,3.X - 4.X,cpe:/a:samba:samba,CVE-2020-25721,8.8,https://vulners.com/cve/CVE-2020-25721
192.168.2.128,tcp,139,open,netbios-ssn,Samba smbd,3.X - 4.X,cpe:/a:samba:samba,CVE-2020-25718,8.8,https://vulners.com/cve/CVE-2020-25718
192.168.2.128,tcp,139,open,netbios-ssn,Samba smbd,3.X - 4.X,cpe:/a:samba:samba,CVE-2018-10858,8.8,https://vulners.com/cve/CVE-2018-10858
192.168.2.128,tcp,139,open,netbios-ssn,Samba smbd,3.X - 4.X,cpe:/a:samba:samba,CVE-2018-1057,8.8,https://vulners.com/cve/CVE-2018-1057
192.168.2.128,tcp,139,open,netbios-ssn,Samba smbd,3.X - 4.X,cpe:/a:samba:samba,CVE-2010-0728,8.5,https://vulners.com/cve/CVE-2010-0728
192.168.2.128,tcp,139,open,netbios-ssn,Samba smbd,3.X - 4.X,cpe:/a:samba:samba,CVE-2008-4314,8.5,https://vulners.com/cve/CVE-2008-4314
192.168.2.128,tcp,139,open,netbios-ssn,Samba smbd,3.X - 4.X,cpe:/a:samba:samba,CVE-2013-4408,8.3,https://vulners.com/cve/CVE-2013-4408
192.168.2.128,tcp,139,open,netbios-ssn,Samba smbd,3.X - 4.X,cpe:/a:samba:samba,CVE-2022-32745,8.1,https://vulners.com/cve/CVE-2022-32745
192.168.2.128,tcp,139,open,netbios-ssn,Samba smbd,3.X - 4.X,cpe:/a:samba:samba,CVE-2020-25717,8.1,https://vulners.com/cve/CVE-2020-25717
192.168.2.128,tcp,139,open,netbios-ssn,Samba smbd,3.X - 4.X,cpe:/a:samba:samba,CVE-2012-0870,7.9,https://vulners.com/cve/CVE-2012-0870
192.168.2.128,tcp,139,open,netbios-ssn,Samba smbd,3.X - 4.X,cpe:/a:samba:samba,CVE-2023-34966,7.5,https://vulners.com/cve/CVE-2023-34966
192.168.2.128,tcp,139,open,netbios-ssn,Samba smbd,3.X - 4.X,cpe:/a:samba:samba,CVE-2021-23192,7.5,https://vulners.com/cve/CVE-2021-23192
192.168.2.128,tcp,139,open,netbios-ssn,Samba smbd,3.X - 4.X,cpe:/a:samba:samba,CVE-2021-20277,7.5,https://vulners.com/cve/CVE-2021-20277
192.168.2.128,tcp,139,open,netbios-ssn,Samba smbd,3.X - 4.X,cpe:/a:samba:samba,CVE-2020-27840,7.5,https://vulners.com/cve/CVE-2020-27840
192.168.2.128,tcp,139,open,netbios-ssn,Samba smbd,3.X - 4.X,cpe:/a:samba:samba,CVE-2020-14303,7.5,https://vulners.com/cve/CVE-2020-14303
192.168.2.128,tcp,139,open,netbios-ssn,Samba smbd,3.X - 4.X,cpe:/a:samba:samba,CVE-2020-10745,7.5,https://vulners.com/cve/CVE-2020-10745
192.168.2.128,tcp,139,open,netbios-ssn,Samba smbd,3.X - 4.X,cpe:/a:samba:samba,CVE-2018-16860,7.5,https://vulners.com/cve/CVE-2018-16860
192.168.2.128,tcp,139,open,netbios-ssn,Samba smbd,3.X - 4.X,cpe:/a:samba:samba,CVE-2017-2619,7.5,https://vulners.com/cve/CVE-2017-2619
192.168.2.128,tcp,139,open,netbios-ssn,Samba smbd,3.X - 4.X,cpe:/a:samba:samba,CVE-2017-15275,7.5,https://vulners.com/cve/CVE-2017-15275
192.168.2.128,tcp,139,open,netbios-ssn,Samba smbd,3.X - 4.X,cpe:/a:samba:samba,CVE-2016-2118,7.5,https://vulners.com/cve/CVE-2016-2118
192.168.2.128,tcp,139,open,netbios-ssn,Samba smbd,3.X - 4.X,cpe:/a:samba:samba,CVE-2010-3069,7.5,https://vulners.com/cve/CVE-2010-3069
192.168.2.128,tcp,139,open,netbios-ssn,Samba smbd,3.X - 4.X,cpe:/a:samba:samba,CVE-2010-2063,7.5,https://vulners.com/cve/CVE-2010-2063
192.168.2.128,tcp,139,open,netbios-ssn,Samba smbd,3.X - 4.X,cpe:/a:samba:samba,CVE-2008-1105,7.5,https://vulners.com/cve/CVE-2008-1105
192.168.2.128,tcp,139,open,netbios-ssn,Samba smbd,3.X - 4.X,cpe:/a:samba:samba,CVE-2007-0454,7.5,https://vulners.com/cve/CVE-2007-0454
192.168.2.128,tcp,139,open,netbios-ssn,Samba smbd,3.X - 4.X,cpe:/a:samba:samba,CVE-2004-0815,7.5,https://vulners.com/cve/CVE-2004-0815
192.168.2.128,tcp,139,open,netbios-ssn,Samba smbd,3.X - 4.X,cpe:/a:samba:samba,CVE-2004-0082,7.5,https://vulners.com/cve/CVE-2004-0082
192.168.2.128,tcp,139,open,netbios-ssn,Samba smbd,3.X - 4.X,cpe:/a:samba:samba,CVE-2017-12151,7.4,https://vulners.com/cve/CVE-2017-12151
192.168.2.128,tcp,139,open,netbios-ssn,Samba smbd,3.X - 4.X,cpe:/a:samba:samba,CVE-2017-12150,7.4,https://vulners.com/cve/CVE-2017-12150
192.168.2.128,tcp,139,open,netbios-ssn,Samba smbd,3.X - 4.X,cpe:/a:samba:samba,CVE-2020-25719,7.2,https://vulners.com/cve/CVE-2020-25719
192.168.2.128,tcp,139,open,netbios-ssn,Samba smbd,3.X - 4.X,cpe:/a:samba:samba,CVE-2015-5252,7.2,https://vulners.com/cve/CVE-2015-5252
192.168.2.128,tcp,139,open,netbios-ssn,Samba smbd,3.X - 4.X,cpe:/a:samba:samba,CVE-2007-2444,7.2,https://vulners.com/cve/CVE-2007-2444
192.168.2.128,tcp,139,open,netbios-ssn,Samba smbd,3.X - 4.X,cpe:/a:samba:samba,CVE-2004-0186,7.2,https://vulners.com/cve/CVE-2004-0186
192.168.2.128,tcp,139,open,netbios-ssn,Samba smbd,3.X - 4.X,cpe:/a:samba:samba,CVE-2017-12163,7.1,https://vulners.com/cve/CVE-2017-12163
192.168.2.128,tcp,139,open,netbios-ssn,Samba smbd,3.X - 4.X,cpe:/a:samba:samba,CVE-2007-4138,6.9,https://vulners.com/cve/CVE-2007-4138
192.168.2.128,tcp,139,open,netbios-ssn,Samba smbd,3.X - 4.X,cpe:/a:samba:samba,CVE-2021-20316,6.8,https://vulners.com/cve/CVE-2021-20316
192.168.2.128,tcp,139,open,netbios-ssn,Samba smbd,3.X - 4.X,cpe:/a:samba:samba,CVE-2021-20254,6.8,https://vulners.com/cve/CVE-2021-20254
192.168.2.128,tcp,139,open,netbios-ssn,Samba smbd,3.X - 4.X,cpe:/a:samba:samba,CVE-2011-2522,6.8,https://vulners.com/cve/CVE-2011-2522
192.168.2.128,tcp,139,open,netbios-ssn,Samba smbd,3.X - 4.X,cpe:/a:samba:samba,CVE-2007-0452,6.8,https://vulners.com/cve/CVE-2007-0452
192.168.2.128,tcp,139,open,netbios-ssn,Samba smbd,3.X - 4.X,cpe:/a:samba:samba,CVE-2023-5568,6.5,https://vulners.com/cve/CVE-2023-5568
192.168.2.128,tcp,139,open,netbios-ssn,Samba smbd,3.X - 4.X,cpe:/a:samba:samba,CVE-2023-42670,6.5,https://vulners.com/cve/CVE-2023-42670
192.168.2.128,tcp,139,open,netbios-ssn,Samba smbd,3.X - 4.X,cpe:/a:samba:samba,CVE-2023-4091,6.5,https://vulners.com/cve/CVE-2023-4091
192.168.2.128,tcp,139,open,netbios-ssn,Samba smbd,3.X - 4.X,cpe:/a:samba:samba,CVE-2023-0614,6.5,https://vulners.com/cve/CVE-2023-0614
192.168.2.128,tcp,139,open,netbios-ssn,Samba smbd,3.X - 4.X,cpe:/a:samba:samba,CVE-2022-3592,6.5,https://vulners.com/cve/CVE-2022-3592
192.168.2.128,tcp,139,open,netbios-ssn,Samba smbd,3.X - 4.X,cpe:/a:samba:samba,CVE-2022-3437,6.5,https://vulners.com/cve/CVE-2022-3437
192.168.2.128,tcp,139,open,netbios-ssn,Samba smbd,3.X - 4.X,cpe:/a:samba:samba,CVE-2021-3671,6.5,https://vulners.com/cve/CVE-2021-3671
192.168.2.128,tcp,139,open,netbios-ssn,Samba smbd,3.X - 4.X,cpe:/a:samba:samba,CVE-2020-14383,6.5,https://vulners.com/cve/CVE-2020-14383
192.168.2.128,tcp,139,open,netbios-ssn,Samba smbd,3.X - 4.X,cpe:/a:samba:samba,CVE-2020-10760,6.5,https://vulners.com/cve/CVE-2020-10760
192.168.2.128,tcp,139,open,netbios-ssn,Samba smbd,3.X - 4.X,cpe:/a:samba:samba,CVE-2020-10730,6.5,https://vulners.com/cve/CVE-2020-10730
192.168.2.128,tcp,139,open,netbios-ssn,Samba smbd,3.X - 4.X,cpe:/a:samba:samba,CVE-2019-3824,6.5,https://vulners.com/cve/CVE-2019-3824
192.168.2.128,tcp,139,open,netbios-ssn,Samba smbd,3.X - 4.X,cpe:/a:samba:samba,CVE-2019-10218,6.5,https://vulners.com/cve/CVE-2019-10218
192.168.2.128,tcp,139,open,netbios-ssn,Samba smbd,3.X - 4.X,cpe:/a:samba:samba,CVE-2017-9461,6.5,https://vulners.com/cve/CVE-2017-9461
192.168.2.128,tcp,139,open,netbios-ssn,Samba smbd,3.X - 4.X,cpe:/a:samba:samba,CVE-2016-2125,6.5,https://vulners.com/cve/CVE-2016-2125
192.168.2.128,tcp,139,open,netbios-ssn,Samba smbd,3.X - 4.X,cpe:/a:samba:samba,CVE-2015-7560,6.5,https://vulners.com/cve/CVE-2015-7560
192.168.2.128,tcp,139,open,netbios-ssn,Samba smbd,3.X - 4.X,cpe:/a:samba:samba,CVE-2012-2111,6.5,https://vulners.com/cve/CVE-2012-2111
192.168.2.128,tcp,139,open,netbios-ssn,Samba smbd,3.X - 4.X,cpe:/a:samba:samba,CVE-2004-2546,6.4,https://vulners.com/cve/CVE-2004-2546
192.168.2.128,tcp,139,open,netbios-ssn,Samba smbd,3.X - 4.X,cpe:/a:samba:samba,CVE-2016-2111,6.3,https://vulners.com/cve/CVE-2016-2111
192.168.2.128,tcp,139,open,netbios-ssn,Samba smbd,3.X - 4.X,cpe:/a:samba:samba,CVE-2009-0022,6.3,https://vulners.com/cve/CVE-2009-0022
192.168.2.128,tcp,139,open,netbios-ssn,Samba smbd,3.X - 4.X,cpe:/a:samba:samba,CVE-2009-2813,6.0,https://vulners.com/cve/CVE-2009-2813
192.168.2.128,tcp,139,open,netbios-ssn,Samba smbd,3.X - 4.X,cpe:/a:samba:samba,CVE-2007-2447,6.0,https://vulners.com/cve/CVE-2007-2447
192.168.2.128,tcp,139,open,netbios-ssn,Samba smbd,3.X - 4.X,cpe:/a:samba:samba,CVE-2023-0922,5.9,https://vulners.com/cve/CVE-2023-0922
192.168.2.128,tcp,139,open,netbios-ssn,Samba smbd,3.X - 4.X,cpe:/a:samba:samba,CVE-2016-2124,5.9,https://vulners.com/cve/CVE-2016-2124
192.168.2.128,tcp,139,open,netbios-ssn,Samba smbd,3.X - 4.X,cpe:/a:samba:samba,CVE-2016-2115,5.9,https://vulners.com/cve/CVE-2016-2115
192.168.2.128,tcp,139,open,netbios-ssn,Samba smbd,3.X - 4.X,cpe:/a:samba:samba,CVE-2016-2112,5.9,https://vulners.com/cve/CVE-2016-2112
192.168.2.128,tcp,139,open,netbios-ssn,Samba smbd,3.X - 4.X,cpe:/a:samba:samba,CVE-2016-2110,5.9,https://vulners.com/cve/CVE-2016-2110
192.168.2.128,tcp,139,open,netbios-ssn,Samba smbd,3.X - 4.X,cpe:/a:samba:samba,CVE-2015-5370,5.9,https://vulners.com/cve/CVE-2015-5370
192.168.2.128,tcp,139,open,netbios-ssn,Samba smbd,3.X - 4.X,cpe:/a:samba:samba,CVE-2009-1888,5.8,https://vulners.com/cve/CVE-2009-1888
192.168.2.128,tcp,139,open,netbios-ssn,Samba smbd,3.X - 4.X,cpe:/a:samba:samba,CVE-2020-1472,5.5,https://vulners.com/cve/CVE-2020-1472
192.168.2.128,tcp,139,open,netbios-ssn,Samba smbd,3.X - 4.X,cpe:/a:samba:samba,CVE-2020-14323,5.5,https://vulners.com/cve/CVE-2020-14323
192.168.2.128,tcp,139,open,netbios-ssn,Samba smbd,3.X - 4.X,cpe:/a:samba:samba,CVE-2022-32746,5.4,https://vulners.com/cve/CVE-2022-32746
192.168.2.128,tcp,139,open,netbios-ssn,Samba smbd,3.X - 4.X,cpe:/a:samba:samba,CVE-2019-3880,5.4,https://vulners.com/cve/CVE-2019-3880
192.168.2.128,tcp,139,open,netbios-ssn,Samba smbd,3.X - 4.X,cpe:/a:samba:samba,CVE-2019-14833,5.4,https://vulners.com/cve/CVE-2019-14833
192.168.2.128,tcp,139,open,netbios-ssn,Samba smbd,3.X - 4.X,cpe:/a:samba:samba,CVE-2015-5296,5.4,https://vulners.com/cve/CVE-2015-5296
192.168.2.128,tcp,139,open,netbios-ssn,Samba smbd,3.X - 4.X,cpe:/a:samba:samba,CVE-2023-34968,5.3,https://vulners.com/cve/CVE-2023-34968
192.168.2.128,tcp,139,open,netbios-ssn,Samba smbd,3.X - 4.X,cpe:/a:samba:samba,CVE-2023-34967,5.3,https://vulners.com/cve/CVE-2023-34967
192.168.2.128,tcp,139,open,netbios-ssn,Samba smbd,3.X - 4.X,cpe:/a:samba:samba,CVE-2015-5299,5.3,https://vulners.com/cve/CVE-2015-5299
192.168.2.128,tcp,139,open,netbios-ssn,Samba smbd,3.X - 4.X,cpe:/a:samba:samba,CVE-2013-0214,5.1,https://vulners.com/cve/CVE-2013-0214
192.168.2.128,tcp,139,open,netbios-ssn,Samba smbd,3.X - 4.X,cpe:/a:samba:samba,CVE-2013-0213,5.1,https://vulners.com/cve/CVE-2013-0213
192.168.2.128,tcp,139,open,netbios-ssn,Samba smbd,3.X - 4.X,cpe:/a:samba:samba,CVE-2013-4496,5.0,https://vulners.com/cve/CVE-2013-4496
192.168.2.128,tcp,139,open,netbios-ssn,Samba smbd,3.X - 4.X,cpe:/a:samba:samba,CVE-2013-4124,5.0,https://vulners.com/cve/CVE-2013-4124
192.168.2.128,tcp,139,open,netbios-ssn,Samba smbd,3.X - 4.X,cpe:/a:samba:samba,CVE-2012-0817,5.0,https://vulners.com/cve/CVE-2012-0817
192.168.2.128,tcp,139,open,netbios-ssn,Samba smbd,3.X - 4.X,cpe:/a:samba:samba,CVE-2011-0719,5.0,https://vulners.com/cve/CVE-2011-0719
192.168.2.128,tcp,139,open,netbios-ssn,Samba smbd,3.X - 4.X,cpe:/a:samba:samba,CVE-2010-1642,5.0,https://vulners.com/cve/CVE-2010-1642
192.168.2.128,tcp,139,open,netbios-ssn,Samba smbd,3.X - 4.X,cpe:/a:samba:samba,CVE-2010-1635,5.0,https://vulners.com/cve/CVE-2010-1635
192.168.2.128,tcp,139,open,netbios-ssn,Samba smbd,3.X - 4.X,cpe:/a:samba:samba,CVE-2006-3403,5.0,https://vulners.com/cve/CVE-2006-3403
192.168.2.128,tcp,139,open,netbios-ssn,Samba smbd,3.X - 4.X,cpe:/a:samba:samba,CVE-2004-0930,5.0,https://vulners.com/cve/CVE-2004-0930
192.168.2.128,tcp,139,open,netbios-ssn,Samba smbd,3.X - 4.X,cpe:/a:samba:samba,CVE-2004-0808,5.0,https://vulners.com/cve/CVE-2004-0808
192.168.2.128,tcp,139,open,netbios-ssn,Samba smbd,3.X - 4.X,cpe:/a:samba:samba,CVE-2004-0807,5.0,https://vulners.com/cve/CVE-2004-0807
192.168.2.128,tcp,139,open,netbios-ssn,Samba smbd,3.X - 4.X,cpe:/a:samba:samba,CVE-2004-0686,5.0,https://vulners.com/cve/CVE-2004-0686
192.168.2.128,tcp,139,open,netbios-ssn,Samba smbd,3.X - 4.X,cpe:/a:samba:samba,CVE-2011-3585,4.7,https://vulners.com/cve/CVE-2011-3585
192.168.2.128,tcp,139,open,netbios-ssn,Samba smbd,3.X - 4.X,cpe:/a:samba:samba,CVE-2007-0453,4.6,https://vulners.com/cve/CVE-2007-0453
192.168.2.128,tcp,139,open,netbios-ssn,Samba smbd,3.X - 4.X,cpe:/a:samba:samba,CVE-2010-0787,4.4,https://vulners.com/cve/CVE-2010-0787
192.168.2.128,tcp,139,open,netbios-ssn,Samba smbd,3.X - 4.X,cpe:/a:samba:samba,CVE-2023-0225,4.3,https://vulners.com/cve/CVE-2023-0225
192.168.2.128,tcp,139,open,netbios-ssn,Samba smbd,3.X - 4.X,cpe:/a:samba:samba,CVE-2022-32742,4.3,https://vulners.com/cve/CVE-2022-32742
192.168.2.128,tcp,139,open,netbios-ssn,Samba smbd,3.X - 4.X,cpe:/a:samba:samba,CVE-2021-44141,4.3,https://vulners.com/cve/CVE-2021-44141
192.168.2.128,tcp,139,open,netbios-ssn,Samba smbd,3.X - 4.X,cpe:/a:samba:samba,CVE-2020-14318,4.3,https://vulners.com/cve/CVE-2020-14318
192.168.2.128,tcp,139,open,netbios-ssn,Samba smbd,3.X - 4.X,cpe:/a:samba:samba,CVE-2018-14628,4.3,https://vulners.com/cve/CVE-2018-14628
192.168.2.128,tcp,139,open,netbios-ssn,Samba smbd,3.X - 4.X,cpe:/a:samba:samba,CVE-2018-1050,4.3,https://vulners.com/cve/CVE-2018-1050
192.168.2.128,tcp,139,open,netbios-ssn,Samba smbd,3.X - 4.X,cpe:/a:samba:samba,CVE-2013-4475,4.0,https://vulners.com/cve/CVE-2013-4475
192.168.2.128,tcp,139,open,netbios-ssn,Samba smbd,3.X - 4.X,cpe:/a:samba:samba,CVE-2013-0454,4.0,https://vulners.com/cve/CVE-2013-0454
192.168.2.128,tcp,139,open,netbios-ssn,Samba smbd,3.X - 4.X,cpe:/a:samba:samba,CVE-2009-2906,4.0,https://vulners.com/cve/CVE-2009-2906
192.168.2.128,tcp,139,open,netbios-ssn,Samba smbd,3.X - 4.X,cpe:/a:samba:samba,CVE-2012-6150,3.6,https://vulners.com/cve/CVE-2012-6150
192.168.2.128,tcp,139,open,netbios-ssn,Samba smbd,3.X - 4.X,cpe:/a:samba:samba,CVE-2014-0178,3.5,https://vulners.com/cve/CVE-2014-0178
192.168.2.128,tcp,139,open,netbios-ssn,Samba smbd,3.X - 4.X,cpe:/a:samba:samba,CVE-2010-0926,3.5,https://vulners.com/cve/CVE-2010-0926
192.168.2.128,tcp,139,open,netbios-ssn,Samba smbd,3.X - 4.X,cpe:/a:samba:samba,CVE-2014-0244,3.3,https://vulners.com/cve/CVE-2014-0244
192.168.2.128,tcp,139,open,netbios-ssn,Samba smbd,3.X - 4.X,cpe:/a:samba:samba,CVE-2011-1678,3.3,https://vulners.com/cve/CVE-2011-1678
192.168.2.128,tcp,139,open,netbios-ssn,Samba smbd,3.X - 4.X,cpe:/a:samba:samba,CVE-2014-3493,2.7,https://vulners.com/cve/CVE-2014-3493
192.168.2.128,tcp,139,open,netbios-ssn,Samba smbd,3.X - 4.X,cpe:/a:samba:samba,CVE-2011-2694,2.6,https://vulners.com/cve/CVE-2011-2694
192.168.2.128,tcp,139,open,netbios-ssn,Samba smbd,3.X - 4.X,cpe:/a:samba:samba,CVE-2021-43566,2.5,https://vulners.com/cve/CVE-2021-43566
192.168.2.128,tcp,139,open,netbios-ssn,Samba smbd,3.X - 4.X,cpe:/a:samba:samba,CVE-2010-0547,2.1,https://vulners.com/cve/CVE-2010-0547
192.168.2.128,tcp,139,open,netbios-ssn,Samba smbd,3.X - 4.X,cpe:/a:samba:samba,CVE-2008-3789,2.1,https://vulners.com/cve/CVE-2008-3789
192.168.2.128,tcp,139,open,netbios-ssn,Samba smbd,3.X - 4.X,cpe:/a:samba:samba,CVE-2009-2948,1.9,https://vulners.com/cve/CVE-2009-2948
192.168.2.128,tcp,139,open,netbios-ssn,Samba smbd,3.X - 4.X,cpe:/a:samba:samba,CVE-2011-2724,1.2,https://vulners.com/cve/CVE-2011-2724
192.168.2.128,tcp,139,open,netbios-ssn,Samba smbd,3.X - 4.X,cpe:/a:samba:samba,CVE-2006-1059,1.2,https://vulners.com/cve/CVE-2006-1059
192.168.2.128,tcp,445,open,netbios-ssn,Samba smbd,3.X - 4.X,cpe:/a:samba:samba,CVE-2015-0240,10.0,https://vulners.com/cve/CVE-2015-0240
192.168.2.128,tcp,445,open,netbios-ssn,Samba smbd,3.X - 4.X,cpe:/a:samba:samba,CVE-2012-1182,10.0,https://vulners.com/cve/CVE-2012-1182
192.168.2.128,tcp,445,open,netbios-ssn,Samba smbd,3.X - 4.X,cpe:/a:samba:samba,CVE-2007-2446,10.0,https://vulners.com/cve/CVE-2007-2446
192.168.2.128,tcp,445,open,netbios-ssn,Samba smbd,3.X - 4.X,cpe:/a:samba:samba,CVE-2004-1154,10.0,https://vulners.com/cve/CVE-2004-1154
192.168.2.128,tcp,445,open,netbios-ssn,Samba smbd,3.X - 4.X,cpe:/a:samba:samba,CVE-2004-0882,10.0,https://vulners.com/cve/CVE-2004-0882
192.168.2.128,tcp,445,open,netbios-ssn,Samba smbd,3.X - 4.X,cpe:/a:samba:samba,CVE-2004-0600,10.0,https://vulners.com/cve/CVE-2004-0600
192.168.2.128,tcp,445,open,netbios-ssn,Samba smbd,3.X - 4.X,cpe:/a:samba:samba,CVE-2023-3961,9.8,https://vulners.com/cve/CVE-2023-3961
192.168.2.128,tcp,445,open,netbios-ssn,Samba smbd,3.X - 4.X,cpe:/a:samba:samba,CVE-2022-45141,9.8,https://vulners.com/cve/CVE-2022-45141
192.168.2.128,tcp,445,open,netbios-ssn,Samba smbd,3.X - 4.X,cpe:/a:samba:samba,CVE-2017-7494,9.8,https://vulners.com/cve/CVE-2017-7494
192.168.2.128,tcp,445,open,netbios-ssn,Samba smbd,3.X - 4.X,cpe:/a:samba:samba,CVE-2009-1886,9.3,https://vulners.com/cve/CVE-2009-1886
192.168.2.128,tcp,445,open,netbios-ssn,Samba smbd,3.X - 4.X,cpe:/a:samba:samba,CVE-2007-6015,9.3,https://vulners.com/cve/CVE-2007-6015
192.168.2.128,tcp,445,open,netbios-ssn,Samba smbd,3.X - 4.X,cpe:/a:samba:samba,CVE-2007-5398,9.3,https://vulners.com/cve/CVE-2007-5398
192.168.2.128,tcp,445,open,netbios-ssn,Samba smbd,3.X - 4.X,cpe:/a:samba:samba,CVE-2007-4572,9.3,https://vulners.com/cve/CVE-2007-4572
192.168.2.128,tcp,445,open,netbios-ssn,Samba smbd,3.X - 4.X,cpe:/a:samba:samba,CVE-2022-42898,8.8,https://vulners.com/cve/CVE-2022-42898
192.168.2.128,tcp,445,open,netbios-ssn,Samba smbd,3.X - 4.X,cpe:/a:samba:samba,CVE-2022-32744,8.8,https://vulners.com/cve/CVE-2022-32744
192.168.2.128,tcp,445,open,netbios-ssn,Samba smbd,3.X - 4.X,cpe:/a:samba:samba,CVE-2022-2031,8.8,https://vulners.com/cve/CVE-2022-2031
192.168.2.128,tcp,445,open,netbios-ssn,Samba smbd,3.X - 4.X,cpe:/a:samba:samba,CVE-2022-0336,8.8,https://vulners.com/cve/CVE-2022-0336
192.168.2.128,tcp,445,open,netbios-ssn,Samba smbd,3.X - 4.X,cpe:/a:samba:samba,CVE-2021-44142,8.8,https://vulners.com/cve/CVE-2021-44142
192.168.2.128,tcp,445,open,netbios-ssn,Samba smbd,3.X - 4.X,cpe:/a:samba:samba,CVE-2021-3738,8.8,https://vulners.com/cve/CVE-2021-3738
192.168.2.128,tcp,445,open,netbios-ssn,Samba smbd,3.X - 4.X,cpe:/a:samba:samba,CVE-2020-25722,8.8,https://vulners.com/cve/CVE-2020-25722
192.168.2.128,tcp,445,open,netbios-ssn,Samba smbd,3.X - 4.X,cpe:/a:samba:samba,CVE-2020-25721,8.8,https://vulners.com/cve/CVE-2020-25721
192.168.2.128,tcp,445,open,netbios-ssn,Samba smbd,3.X - 4.X,cpe:/a:samba:samba,CVE-2020-25718,8.8,https://vulners.com/cve/CVE-2020-25718
192.168.2.128,tcp,445,open,netbios-ssn,Samba smbd,3.X - 4.X,cpe:/a:samba:samba,CVE-2018-10858,8.8,https://vulners.com/cve/CVE-2018-10858
192.168.2.128,tcp,445,open,netbios-ssn,Samba smbd,3.X - 4.X,cpe:/a:samba:samba,CVE-2018-1057,8.8,https://vulners.com/cve/CVE-2018-1057
192.168.2.128,tcp,445,open,netbios-ssn,Samba smbd,3.X - 4.X,cpe:/a:samba:samba,CVE-2010-0728,8.5,https://vulners.com/cve/CVE-2010-0728
192.168.2.128,tcp,445,open,netbios-ssn,Samba smbd,3.X - 4.X,cpe:/a:samba:samba,CVE-2008-4314,8.5,https://vulners.com/cve/CVE-2008-4314
192.168.2.128,tcp,445,open,netbios-ssn,Samba smbd,3.X - 4.X,cpe:/a:samba:samba,CVE-2013-4408,8.3,https://vulners.com/cve/CVE-2013-4408
192.168.2.128,tcp,445,open,netbios-ssn,Samba smbd,3.X - 4.X,cpe:/a:samba:samba,CVE-2022-32745,8.1,https://vulners.com/cve/CVE-2022-32745
192.168.2.128,tcp,445,open,netbios-ssn,Samba smbd,3.X - 4.X,cpe:/a:samba:samba,CVE-2020-25717,8.1,https://vulners.com/cve/CVE-2020-25717
192.168.2.128,tcp,445,open,netbios-ssn,Samba smbd,3.X - 4.X,cpe:/a:samba:samba,CVE-2012-0870,7.9,https://vulners.com/cve/CVE-2012-0870
192.168.2.128,tcp,445,open,netbios-ssn,Samba smbd,3.X - 4.X,cpe:/a:samba:samba,CVE-2023-34966,7.5,https://vulners.com/cve/CVE-2023-34966
192.168.2.128,tcp,445,open,netbios-ssn,Samba smbd,3.X - 4.X,cpe:/a:samba:samba,CVE-2021-23192,7.5,https://vulners.com/cve/CVE-2021-23192
192.168.2.128,tcp,445,open,netbios-ssn,Samba smbd,3.X - 4.X,cpe:/a:samba:samba,CVE-2021-20277,7.5,https://vulners.com/cve/CVE-2021-20277
192.168.2.128,tcp,445,open,netbios-ssn,Samba smbd,3.X - 4.X,cpe:/a:samba:samba,CVE-2020-27840,7.5,https://vulners.com/cve/CVE-2020-27840
192.168.2.128,tcp,445,open,netbios-ssn,Samba smbd,3.X - 4.X,cpe:/a:samba:samba,CVE-2020-14303,7.5,https://vulners.com/cve/CVE-2020-14303
192.168.2.128,tcp,445,open,netbios-ssn,Samba smbd,3.X - 4.X,cpe:/a:samba:samba,CVE-2020-10745,7.5,https://vulners.com/cve/CVE-2020-10745
192.168.2.128,tcp,445,open,netbios-ssn,Samba smbd,3.X - 4.X,cpe:/a:samba:samba,CVE-2018-16860,7.5,https://vulners.com/cve/CVE-2018-16860
192.168.2.128,tcp,445,open,netbios-ssn,Samba smbd,3.X - 4.X,cpe:/a:samba:samba,CVE-2017-2619,7.5,https://vulners.com/cve/CVE-2017-2619
192.168.2.128,tcp,445,open,netbios-ssn,Samba smbd,3.X - 4.X,cpe:/a:samba:samba,CVE-2017-15275,7.5,https://vulners.com/cve/CVE-2017-15275
192.168.2.128,tcp,445,open,netbios-ssn,Samba smbd,3.X - 4.X,cpe:/a:samba:samba,CVE-2016-2118,7.5,https://vulners.com/cve/CVE-2016-2118
192.168.2.128,tcp,445,open,netbios-ssn,Samba smbd,3.X - 4.X,cpe:/a:samba:samba,CVE-2010-3069,7.5,https://vulners.com/cve/CVE-2010-3069
192.168.2.128,tcp,445,open,netbios-ssn,Samba smbd,3.X - 4.X,cpe:/a:samba:samba,CVE-2010-2063,7.5,https://vulners.com/cve/CVE-2010-2063
192.168.2.128,tcp,445,open,netbios-ssn,Samba smbd,3.X - 4.X,cpe:/a:samba:samba,CVE-2008-1105,7.5,https://vulners.com/cve/CVE-2008-1105
192.168.2.128,tcp,445,open,netbios-ssn,Samba smbd,3.X - 4.X,cpe:/a:samba:samba,CVE-2007-0454,7.5,https://vulners.com/cve/CVE-2007-0454
192.168.2.128,tcp,445,open,netbios-ssn,Samba smbd,3.X - 4.X,cpe:/a:samba:samba,CVE-2004-0815,7.5,https://vulners.com/cve/CVE-2004-0815
192.168.2.128,tcp,445,open,netbios-ssn,Samba smbd,3.X - 4.X,cpe:/a:samba:samba,CVE-2004-0082,7.5,https://vulners.com/cve/CVE-2004-0082
192.168.2.128,tcp,445,open,netbios-ssn,Samba smbd,3.X - 4.X,cpe:/a:samba:samba,CVE-2017-12151,7.4,https://vulners.com/cve/CVE-2017-12151
192.168.2.128,tcp,445,open,netbios-ssn,Samba smbd,3.X - 4.X,cpe:/a:samba:samba,CVE-2017-12150,7.4,https://vulners.com/cve/CVE-2017-12150
192.168.2.128,tcp,445,open,netbios-ssn,Samba smbd,3.X - 4.X,cpe:/a:samba:samba,CVE-2020-25719,7.2,https://vulners.com/cve/CVE-2020-25719
192.168.2.128,tcp,445,open,netbios-ssn,Samba smbd,3.X - 4.X,cpe:/a:samba:samba,CVE-2015-5252,7.2,https://vulners.com/cve/CVE-2015-5252
192.168.2.128,tcp,445,open,netbios-ssn,Samba smbd,3.X - 4.X,cpe:/a:samba:samba,CVE-2007-2444,7.2,https://vulners.com/cve/CVE-2007-2444
192.168.2.128,tcp,445,open,netbios-ssn,Samba smbd,3.X - 4.X,cpe:/a:samba:samba,CVE-2004-0186,7.2,https://vulners.com/cve/CVE-2004-0186
192.168.2.128,tcp,445,open,netbios-ssn,Samba smbd,3.X - 4.X,cpe:/a:samba:samba,CVE-2017-12163,7.1,https://vulners.com/cve/CVE-2017-12163
192.168.2.128,tcp,445,open,netbios-ssn,Samba smbd,3.X - 4.X,cpe:/a:samba:samba,CVE-2007-4138,6.9,https://vulners.com/cve/CVE-2007-4138
192.168.2.128,tcp,445,open,netbios-ssn,Samba smbd,3.X - 4.X,cpe:/a:samba:samba,CVE-2021-20316,6.8,https://vulners.com/cve/CVE-2021-20316
192.168.2.128,tcp,445,open,netbios-ssn,Samba smbd,3.X - 4.X,cpe:/a:samba:samba,CVE-2021-20254,6.8,https://vulners.com/cve/CVE-2021-20254
192.168.2.128,tcp,445,open,netbios-ssn,Samba smbd,3.X - 4.X,cpe:/a:samba:samba,CVE-2011-2522,6.8,https://vulners.com/cve/CVE-2011-2522
192.168.2.128,tcp,445,open,netbios-ssn,Samba smbd,3.X - 4.X,cpe:/a:samba:samba,CVE-2007-0452,6.8,https://vulners.com/cve/CVE-2007-0452
192.168.2.128,tcp,445,open,netbios-ssn,Samba smbd,3.X - 4.X,cpe:/a:samba:samba,CVE-2023-5568,6.5,https://vulners.com/cve/CVE-2023-5568
192.168.2.128,tcp,445,open,netbios-ssn,Samba smbd,3.X - 4.X,cpe:/a:samba:samba,CVE-2023-42670,6.5,https://vulners.com/cve/CVE-2023-42670
192.168.2.128,tcp,445,open,netbios-ssn,Samba smbd,3.X - 4.X,cpe:/a:samba:samba,CVE-2023-4091,6.5,https://vulners.com/cve/CVE-2023-4091
192.168.2.128,tcp,445,open,netbios-ssn,Samba smbd,3.X - 4.X,cpe:/a:samba:samba,CVE-2023-0614,6.5,https://vulners.com/cve/CVE-2023-0614
192.168.2.128,tcp,445,open,netbios-ssn,Samba smbd,3.X - 4.X,cpe:/a:samba:samba,CVE-2022-3592,6.5,https://vulners.com/cve/CVE-2022-3592
192.168.2.128,tcp,445,open,netbios-ssn,Samba smbd,3.X - 4.X,cpe:/a:samba:samba,CVE-2022-3437,6.5,https://vulners.com/cve/CVE-2022-3437
192.168.2.128,tcp,445,open,netbios-ssn,Samba smbd,3.X - 4.X,cpe:/a:samba:samba,CVE-2021-3671,6.5,https://vulners.com/cve/CVE-2021-3671
192.168.2.128,tcp,445,open,netbios-ssn,Samba smbd,3.X - 4.X,cpe:/a:samba:samba,CVE-2020-14383,6.5,https://vulners.com/cve/CVE-2020-14383
192.168.2.128,tcp,445,open,netbios-ssn,Samba smbd,3.X - 4.X,cpe:/a:samba:samba,CVE-2020-10760,6.5,https://vulners.com/cve/CVE-2020-10760
192.168.2.128,tcp,445,open,netbios-ssn,Samba smbd,3.X - 4.X,cpe:/a:samba:samba,CVE-2020-10730,6.5,https://vulners.com/cve/CVE-2020-10730
192.168.2.128,tcp,445,open,netbios-ssn,Samba smbd,3.X - 4.X,cpe:/a:samba:samba,CVE-2019-3824,6.5,https://vulners.com/cve/CVE-2019-3824
192.168.2.128,tcp,445,open,netbios-ssn,Samba smbd,3.X - 4.X,cpe:/a:samba:samba,CVE-2019-10218,6.5,https://vulners.com/cve/CVE-2019-10218
192.168.2.128,tcp,445,open,netbios-ssn,Samba smbd,3.X - 4.X,cpe:/a:samba:samba,CVE-2017-9461,6.5,https://vulners.com/cve/CVE-2017-9461
192.168.2.128,tcp,445,open,netbios-ssn,Samba smbd,3.X - 4.X,cpe:/a:samba:samba,CVE-2016-2125,6.5,https://vulners.com/cve/CVE-2016-2125
192.168.2.128,tcp,445,open,netbios-ssn,Samba smbd,3.X - 4.X,cpe:/a:samba:samba,CVE-2015-7560,6.5,https://vulners.com/cve/CVE-2015-7560
192.168.2.128,tcp,445,open,netbios-ssn,Samba smbd,3.X - 4.X,cpe:/a:samba:samba,CVE-2012-2111,6.5,https://vulners.com/cve/CVE-2012-2111
192.168.2.128,tcp,445,open,netbios-ssn,Samba smbd,3.X - 4.X,cpe:/a:samba:samba,CVE-2004-2546,6.4,https://vulners.com/cve/CVE-2004-2546
192.168.2.128,tcp,445,open,netbios-ssn,Samba smbd,3.X - 4.X,cpe:/a:samba:samba,CVE-2016-2111,6.3,https://vulners.com/cve/CVE-2016-2111
192.168.2.128,tcp,445,open,netbios-ssn,Samba smbd,3.X - 4.X,cpe:/a:samba:samba,CVE-2009-0022,6.3,https://vulners.com/cve/CVE-2009-0022
192.168.2.128,tcp,445,open,netbios-ssn,Samba smbd,3.X - 4.X,cpe:/a:samba:samba,CVE-2009-2813,6.0,https://vulners.com/cve/CVE-2009-2813
192.168.2.128,tcp,445,open,netbios-ssn,Samba smbd,3.X - 4.X,cpe:/a:samba:samba,CVE-2007-2447,6.0,https://vulners.com/cve/CVE-2007-2447
192.168.2.128,tcp,445,open,netbios-ssn,Samba smbd,3.X - 4.X,cpe:/a:samba:samba,CVE-2023-0922,5.9,https://vulners.com/cve/CVE-2023-0922
192.168.2.128,tcp,445,open,netbios-ssn,Samba smbd,3.X - 4.X,cpe:/a:samba:samba,CVE-2016-2124,5.9,https://vulners.com/cve/CVE-2016-2124
192.168.2.128,tcp,445,open,netbios-ssn,Samba smbd,3.X - 4.X,cpe:/a:samba:samba,CVE-2016-2115,5.9,https://vulners.com/cve/CVE-2016-2115
192.168.2.128,tcp,445,open,netbios-ssn,Samba smbd,3.X - 4.X,cpe:/a:samba:samba,CVE-2016-2112,5.9,https://vulners.com/cve/CVE-2016-2112
192.168.2.128,tcp,445,open,netbios-ssn,Samba smbd,3.X - 4.X,cpe:/a:samba:samba,CVE-2016-2110,5.9,https://vulners.com/cve/CVE-2016-2110
192.168.2.128,tcp,445,open,netbios-ssn,Samba smbd,3.X - 4.X,cpe:/a:samba:samba,CVE-2015-5370,5.9,https://vulners.com/cve/CVE-2015-5370
192.168.2.128,tcp,445,open,netbios-ssn,Samba smbd,3.X - 4.X,cpe:/a:samba:samba,CVE-2009-1888,5.8,https://vulners.com/cve/CVE-2009-1888
192.168.2.128,tcp,445,open,netbios-ssn,Samba smbd,3.X - 4.X,cpe:/a:samba:samba,CVE-2020-1472,5.5,https://vulners.com/cve/CVE-2020-1472
192.168.2.128,tcp,445,open,netbios-ssn,Samba smbd,3.X - 4.X,cpe:/a:samba:samba,CVE-2020-14323,5.5,https://vulners.com/cve/CVE-2020-14323
192.168.2.128,tcp,445,open,netbios-ssn,Samba smbd,3.X - 4.X,cpe:/a:samba:samba,CVE-2022-32746,5.4,https://vulners.com/cve/CVE-2022-32746
192.168.2.128,tcp,445,open,netbios-ssn,Samba smbd,3.X - 4.X,cpe:/a:samba:samba,CVE-2019-3880,5.4,https://vulners.com/cve/CVE-2019-3880
192.168.2.128,tcp,445,open,netbios-ssn,Samba smbd,3.X - 4.X,cpe:/a:samba:samba,CVE-2019-14833,5.4,https://vulners.com/cve/CVE-2019-14833
192.168.2.128,tcp,445,open,netbios-ssn,Samba smbd,3.X - 4.X,cpe:/a:samba:samba,CVE-2015-5296,5.4,https://vulners.com/cve/CVE-2015-5296
192.168.2.128,tcp,445,open,netbios-ssn,Samba smbd,3.X - 4.X,cpe:/a:samba:samba,CVE-2023-34968,5.3,https://vulners.com/cve/CVE-2023-34968
192.168.2.128,tcp,445,open,netbios-ssn,Samba smbd,3.X - 4.X,cpe:/a:samba:samba,CVE-2023-34967,5.3,https://vulners.com/cve/CVE-2023-34967
192.168.2.128,tcp,445,open,netbios-ssn,Samba smbd,3.X - 4.X,cpe:/a:samba:samba,CVE-2015-5299,5.3,https://vulners.com/cve/CVE-2015-5299
192.168.2.128,tcp,445,open,netbios-ssn,Samba smbd,3.X - 4.X,cpe:/a:samba:samba,CVE-2013-0214,5.1,https://vulners.com/cve/CVE-2013-0214
192.168.2.128,tcp,445,open,netbios-ssn,Samba smbd,3.X - 4.X,cpe:/a:samba:samba,CVE-2013-0213,5.1,https://vulners.com/cve/CVE-2013-0213
192.168.2.128,tcp,445,open,netbios-ssn,Samba smbd,3.X - 4.X,cpe:/a:samba:samba,CVE-2013-4496,5.0,https://vulners.com/cve/CVE-2013-4496
192.168.2.128,tcp,445,open,netbios-ssn,Samba smbd,3.X - 4.X,cpe:/a:samba:samba,CVE-2013-4124,5.0,https://vulners.com/cve/CVE-2013-4124
192.168.2.128,tcp,445,open,netbios-ssn,Samba smbd,3.X - 4.X,cpe:/a:samba:samba,CVE-2012-0817,5.0,https://vulners.com/cve/CVE-2012-0817
192.168.2.128,tcp,445,open,netbios-ssn,Samba smbd,3.X - 4.X,cpe:/a:samba:samba,CVE-2011-0719,5.0,https://vulners.com/cve/CVE-2011-0719
192.168.2.128,tcp,445,open,netbios-ssn,Samba smbd,3.X - 4.X,cpe:/a:samba:samba,CVE-2010-1642,5.0,https://vulners.com/cve/CVE-2010-1642
192.168.2.128,tcp,445,open,netbios-ssn,Samba smbd,3.X - 4.X,cpe:/a:samba:samba,CVE-2010-1635,5.0,https://vulners.com/cve/CVE-2010-1635
192.168.2.128,tcp,445,open,netbios-ssn,Samba smbd,3.X - 4.X,cpe:/a:samba:samba,CVE-2006-3403,5.0,https://vulners.com/cve/CVE-2006-3403
192.168.2.128,tcp,445,open,netbios-ssn,Samba smbd,3.X - 4.X,cpe:/a:samba:samba,CVE-2004-0930,5.0,https://vulners.com/cve/CVE-2004-0930
192.168.2.128,tcp,445,open,netbios-ssn,Samba smbd,3.X - 4.X,cpe:/a:samba:samba,CVE-2004-0808,5.0,https://vulners.com/cve/CVE-2004-0808
192.168.2.128,tcp,445,open,netbios-ssn,Samba smbd,3.X - 4.X,cpe:/a:samba:samba,CVE-2004-0807,5.0,https://vulners.com/cve/CVE-2004-0807
192.168.2.128,tcp,445,open,netbios-ssn,Samba smbd,3.X - 4.X,cpe:/a:samba:samba,CVE-2004-0686,5.0,https://vulners.com/cve/CVE-2004-0686
192.168.2.128,tcp,445,open,netbios-ssn,Samba smbd,3.X - 4.X,cpe:/a:samba:samba,CVE-2011-3585,4.7,https://vulners.com/cve/CVE-2011-3585
192.168.2.128,tcp,445,open,netbios-ssn,Samba smbd,3.X - 4.X,cpe:/a:samba:samba,CVE-2007-0453,4.6,https://vulners.com/cve/CVE-2007-0453
192.168.2.128,tcp,445,open,netbios-ssn,Samba smbd,3.X - 4.X,cpe:/a:samba:samba,CVE-2010-0787,4.4,https://vulners.com/cve/CVE-2010-0787
192.168.2.128,tcp,445,open,netbios-ssn,Samba smbd,3.X - 4.X,cpe:/a:samba:samba,CVE-2023-0225,4.3,https://vulners.com/cve/CVE-2023-0225
192.168.2.128,tcp,445,open,netbios-ssn,Samba smbd,3.X - 4.X,cpe:/a:samba:samba,CVE-2022-32742,4.3,https://vulners.com/cve/CVE-2022-32742
192.168.2.128,tcp,445,open,netbios-ssn,Samba smbd,3.X - 4.X,cpe:/a:samba:samba,CVE-2021-44141,4.3,https://vulners.com/cve/CVE-2021-44141
192.168.2.128,tcp,445,open,netbios-ssn,Samba smbd,3.X - 4.X,cpe:/a:samba:samba,CVE-2020-14318,4.3,https://vulners.com/cve/CVE-2020-14318
192.168.2.128,tcp,445,open,netbios-ssn,Samba smbd,3.X - 4.X,cpe:/a:samba:samba,CVE-2018-14628,4.3,https://vulners.com/cve/CVE-2018-14628
192.168.2.128,tcp,445,open,netbios-ssn,Samba smbd,3.X - 4.X,cpe:/a:samba:samba,CVE-2018-1050,4.3,https://vulners.com/cve/CVE-2018-1050
192.168.2.128,tcp,445,open,netbios-ssn,Samba smbd,3.X - 4.X,cpe:/a:samba:samba,CVE-2013-4475,4.0,https://vulners.com/cve/CVE-2013-4475
192.168.2.128,tcp,445,open,netbios-ssn,Samba smbd,3.X - 4.X,cpe:/a:samba:samba,CVE-2013-0454,4.0,https://vulners.com/cve/CVE-2013-0454
192.168.2.128,tcp,445,open,netbios-ssn,Samba smbd,3.X - 4.X,cpe:/a:samba:samba,CVE-2009-2906,4.0,https://vulners.com/cve/CVE-2009-2906
192.168.2.128,tcp,445,open,netbios-ssn,Samba smbd,3.X - 4.X,cpe:/a:samba:samba,CVE-2012-6150,3.6,https://vulners.com/cve/CVE-2012-6150
192.168.2.128,tcp,445,open,netbios-ssn,Samba smbd,3.X - 4.X,cpe:/a:samba:samba,CVE-2014-0178,3.5,https://vulners.com/cve/CVE-2014-0178
192.168.2.128,tcp,445,open,netbios-ssn,Samba smbd,3.X - 4.X,cpe:/a:samba:samba,CVE-2010-0926,3.5,https://vulners.com/cve/CVE-2010-0926
192.168.2.128,tcp,445,open,netbios-ssn,Samba smbd,3.X - 4.X,cpe:/a:samba:samba,CVE-2014-0244,3.3,https://vulners.com/cve/CVE-2014-0244
192.168.2.128,tcp,445,open,netbios-ssn,Samba smbd,3.X - 4.X,cpe:/a:samba:samba,CVE-2011-1678,3.3,https://vulners.com/cve/CVE-2011-1678
192.168.2.128,tcp,445,open,netbios-ssn,Samba smbd,3.X - 4.X,cpe:/a:samba:samba,CVE-2014-3493,2.7,https://vulners.com/cve/CVE-2014-3493
192.168.2.128,tcp,445,open,netbios-ssn,Samba smbd,3.X - 4.X,cpe:/a:samba:samba,CVE-2011-2694,2.6,https://vulners.com/cve/CVE-2011-2694
192.168.2.128,tcp,445,open,netbios-ssn,Samba smbd,3.X - 4.X,cpe:/a:samba:samba,CVE-2021-43566,2.5,https://vulners.com/cve/CVE-2021-43566
192.168.2.128,tcp,445,open,netbios-ssn,Samba smbd,3.X - 4.X,cpe:/a:samba:samba,CVE-2010-0547,2.1,https://vulners.com/cve/CVE-2010-0547
192.168.2.128,tcp,445,open,netbios-ssn,Samba smbd,3.X - 4.X,cpe:/a:samba:samba,CVE-2008-3789,2.1,https://vulners.com/cve/CVE-2008-3789
192.168.2.128,tcp,445,open,netbios-ssn,Samba smbd,3.X - 4.X,cpe:/a:samba:samba,CVE-2009-2948,1.9,https://vulners.com/cve/CVE-2009-2948
192.168.2.128,tcp,445,open,netbios-ssn,Samba smbd,3.X - 4.X,cpe:/a:samba:samba,CVE-2011-2724,1.2,https://vulners.com/cve/CVE-2011-2724
192.168.2.128,tcp,445,open,netbios-ssn,Samba smbd,3.X - 4.X,cpe:/a:samba:samba,CVE-2006-1059,1.2,https://vulners.com/cve/CVE-2006-1059
192.168.2.128,tcp,512,open,exec,netkit-rsh rexecd,,cpe:/o:linux:linux_kernel,,,
192.168.2.128,tcp,513,open,login,,,,,,
192.168.2.128,tcp,514,open,tcpwrapped,,,,,,
192.168.2.128,tcp,1099,open,java-rmi,GNU Classpath grmiregistry,,,,,
192.168.2.128,tcp,1524,open,bindshell,Metasploitable root shell,,,,,
192.168.2.128,tcp,2049,open,nfs,,2-4,,,,
192.168.2.128,tcp,2121,open,ftp,ProFTPD,1.3.1,cpe:/a:proftpd:proftpd:1.3.1,CVE-2019-12815,9.8,https://vulners.com/cve/CVE-2019-12815
192.168.2.128,tcp,2121,open,ftp,ProFTPD,1.3.1,cpe:/a:proftpd:proftpd:1.3.1,CVE-2011-4130,9.0,https://vulners.com/cve/CVE-2011-4130
192.168.2.128,tcp,2121,open,ftp,ProFTPD,1.3.1,cpe:/a:proftpd:proftpd:1.3.1,CVE-2023-51713,7.5,https://vulners.com/cve/CVE-2023-51713
192.168.2.128,tcp,2121,open,ftp,ProFTPD,1.3.1,cpe:/a:proftpd:proftpd:1.3.1,CVE-2021-46854,7.5,https://vulners.com/cve/CVE-2021-46854
192.168.2.128,tcp,2121,open,ftp,ProFTPD,1.3.1,cpe:/a:proftpd:proftpd:1.3.1,CVE-2020-9272,7.5,https://vulners.com/cve/CVE-2020-9272
192.168.2.128,tcp,2121,open,ftp,ProFTPD,1.3.1,cpe:/a:proftpd:proftpd:1.3.1,CVE-2019-19272,7.5,https://vulners.com/cve/CVE-2019-19272
192.168.2.128,tcp,2121,open,ftp,ProFTPD,1.3.1,cpe:/a:proftpd:proftpd:1.3.1,CVE-2019-19271,7.5,https://vulners.com/cve/CVE-2019-19271
192.168.2.128,tcp,2121,open,ftp,ProFTPD,1.3.1,cpe:/a:proftpd:proftpd:1.3.1,CVE-2019-19270,7.5,https://vulners.com/cve/CVE-2019-19270
192.168.2.128,tcp,2121,open,ftp,ProFTPD,1.3.1,cpe:/a:proftpd:proftpd:1.3.1,CVE-2019-18217,7.5,https://vulners.com/cve/CVE-2019-18217
192.168.2.128,tcp,2121,open,ftp,ProFTPD,1.3.1,cpe:/a:proftpd:proftpd:1.3.1,CVE-2016-3125,7.5,https://vulners.com/cve/CVE-2016-3125
192.168.2.128,tcp,2121,open,ftp,ProFTPD,1.3.1,cpe:/a:proftpd:proftpd:1.3.1,CVE-2010-3867,7.1,https://vulners.com/cve/CVE-2010-3867
192.168.2.128,tcp,2121,open,ftp,ProFTPD,1.3.1,cpe:/a:proftpd:proftpd:1.3.1,CVE-2010-4652,6.8,https://vulners.com/cve/CVE-2010-4652
192.168.2.128,tcp,2121,open,ftp,ProFTPD,1.3.1,cpe:/a:proftpd:proftpd:1.3.1,CVE-2009-0543,6.8,https://vulners.com/cve/CVE-2009-0543
192.168.2.128,tcp,2121,open,ftp,ProFTPD,1.3.1,cpe:/a:proftpd:proftpd:1.3.1,CVE-2023-48795,5.9,https://vulners.com/cve/CVE-2023-48795
192.168.2.128,tcp,2121,open,ftp,ProFTPD,1.3.1,cpe:/a:proftpd:proftpd:1.3.1,CVE-2009-3639,5.8,https://vulners.com/cve/CVE-2009-3639
192.168.2.128,tcp,2121,open,ftp,ProFTPD,1.3.1,cpe:/a:proftpd:proftpd:1.3.1,CVE-2017-7418,5.5,https://vulners.com/cve/CVE-2017-7418
192.168.2.128,tcp,2121,open,ftp,ProFTPD,1.3.1,cpe:/a:proftpd:proftpd:1.3.1,CVE-2011-1137,5.0,https://vulners.com/cve/CVE-2011-1137
192.168.2.128,tcp,2121,open,ftp,ProFTPD,1.3.1,cpe:/a:proftpd:proftpd:1.3.1,CVE-2019-19269,4.9,https://vulners.com/cve/CVE-2019-19269
192.168.2.128,tcp,2121,open,ftp,ProFTPD,1.3.1,cpe:/a:proftpd:proftpd:1.3.1,CVE-2008-7265,4.0,https://vulners.com/cve/CVE-2008-7265
192.168.2.128,tcp,2121,open,ftp,ProFTPD,1.3.1,cpe:/a:proftpd:proftpd:1.3.1,CVE-2012-6095,1.2,https://vulners.com/cve/CVE-2012-6095
192.168.2.128,tcp,3306,open,mysql,MySQL,5.0.51a-3ubuntu5,cpe:/a:mysql:mysql:5.0.51a-3ubuntu5,CVE-2009-4028,6.8,https://vulners.com/cve/CVE-2009-4028
192.168.2.128,tcp,3306,open,mysql,MySQL,5.0.51a-3ubuntu5,cpe:/a:mysql:mysql:5.0.51a-3ubuntu5,CVE-2008-2079,4.6,https://vulners.com/cve/CVE-2008-2079
192.168.2.128,tcp,3306,open,mysql,MySQL,5.0.51a-3ubuntu5,cpe:/a:mysql:mysql:5.0.51a-3ubuntu5,CVE-2010-3682,4.0,https://vulners.com/cve/CVE-2010-3682
192.168.2.128,tcp,3306,open,mysql,MySQL,5.0.51a-3ubuntu5,cpe:/a:mysql:mysql:5.0.51a-3ubuntu5,CVE-2010-3677,4.0,https://vulners.com/cve/CVE-2010-3677
192.168.2.128,tcp,3632,open,distccd,distccd,v1,,,,
192.168.2.128,tcp,5432,open,postgresql,PostgreSQL DB,8.3.0 - 8.3.7,cpe:/a:postgresql:postgresql:8.3,CVE-2013-1903,10.0,https://vulners.com/cve/CVE-2013-1903
192.168.2.128,tcp,5432,open,postgresql,PostgreSQL DB,8.3.0 - 8.3.7,cpe:/a:postgresql:postgresql:8.3,CVE-2013-1902,10.0,https://vulners.com/cve/CVE-2013-1902
192.168.2.128,tcp,5432,open,postgresql,PostgreSQL DB,8.3.0 - 8.3.7,cpe:/a:postgresql:postgresql:8.3,CVE-2019-10211,9.8,https://vulners.com/cve/CVE-2019-10211
192.168.2.128,tcp,5432,open,postgresql,PostgreSQL DB,8.3.0 - 8.3.7,cpe:/a:postgresql:postgresql:8.3,CVE-2015-3166,9.8,https://vulners.com/cve/CVE-2015-3166
192.168.2.128,tcp,5432,open,postgresql,PostgreSQL DB,8.3.0 - 8.3.7,cpe:/a:postgresql:postgresql:8.3,CVE-2015-0244,9.8,https://vulners.com/cve/CVE-2015-0244
192.168.2.128,tcp,5432,open,postgresql,PostgreSQL DB,8.3.0 - 8.3.7,cpe:/a:postgresql:postgresql:8.3,CVE-2018-1115,9.1,https://vulners.com/cve/CVE-2018-1115
192.168.2.128,tcp,5432,open,postgresql,PostgreSQL DB,8.3.0 - 8.3.7,cpe:/a:postgresql:postgresql:8.3,CVE-2022-1552,8.8,https://vulners.com/cve/CVE-2022-1552
192.168.2.128,tcp,5432,open,postgresql,PostgreSQL DB,8.3.0 - 8.3.7,cpe:/a:postgresql:postgresql:8.3,CVE-2021-32027,8.8,https://vulners.com/cve/CVE-2021-32027
192.168.2.128,tcp,5432,open,postgresql,PostgreSQL DB,8.3.0 - 8.3.7,cpe:/a:postgresql:postgresql:8.3,CVE-2020-25695,8.8,https://vulners.com/cve/CVE-2020-25695
192.168.2.128,tcp,5432,open,postgresql,PostgreSQL DB,8.3.0 - 8.3.7,cpe:/a:postgresql:postgresql:8.3,CVE-2019-10164,8.8,https://vulners.com/cve/CVE-2019-10164
192.168.2.128,tcp,5432,open,postgresql,PostgreSQL DB,8.3.0 - 8.3.7,cpe:/a:postgresql:postgresql:8.3,CVE-2019-10127,8.8,https://vulners.com/cve/CVE-2019-10127
192.168.2.128,tcp,5432,open,postgresql,PostgreSQL DB,8.3.0 - 8.3.7,cpe:/a:postgresql:postgresql:8.3,CVE-2015-0243,8.8,https://vulners.com/cve/CVE-2015-0243
192.168.2.128,tcp,5432,open,postgresql,PostgreSQL DB,8.3.0 - 8.3.7,cpe:/a:postgresql:postgresql:8.3,CVE-2015-0242,8.8,https://vulners.com/cve/CVE-2015-0242
192.168.2.128,tcp,5432,open,postgresql,PostgreSQL DB,8.3.0 - 8.3.7,cpe:/a:postgresql:postgresql:8.3,CVE-2015-0241,8.8,https://vulners.com/cve/CVE-2015-0241
192.168.2.128,tcp,5432,open,postgresql,PostgreSQL DB,8.3.0 - 8.3.7,cpe:/a:postgresql:postgresql:8.3,CVE-2010-1447,8.5,https://vulners.com/cve/CVE-2010-1447
192.168.2.128,tcp,5432,open,postgresql,PostgreSQL DB,8.3.0 - 8.3.7,cpe:/a:postgresql:postgresql:8.3,CVE-2010-1169,8.5,https://vulners.com/cve/CVE-2010-1169
192.168.2.128,tcp,5432,open,postgresql,PostgreSQL DB,8.3.0 - 8.3.7,cpe:/a:postgresql:postgresql:8.3,CVE-2016-5423,8.3,https://vulners.com/cve/CVE-2016-5423
192.168.2.128,tcp,5432,open,postgresql,PostgreSQL DB,8.3.0 - 8.3.7,cpe:/a:postgresql:postgresql:8.3,CVE-2021-23214,8.1,https://vulners.com/cve/CVE-2021-23214
192.168.2.128,tcp,5432,open,postgresql,PostgreSQL DB,8.3.0 - 8.3.7,cpe:/a:postgresql:postgresql:8.3,CVE-2020-25694,8.1,https://vulners.com/cve/CVE-2020-25694
192.168.2.128,tcp,5432,open,postgresql,PostgreSQL DB,8.3.0 - 8.3.7,cpe:/a:postgresql:postgresql:8.3,CVE-2016-7048,8.1,https://vulners.com/cve/CVE-2016-7048
192.168.2.128,tcp,5432,open,postgresql,PostgreSQL DB,8.3.0 - 8.3.7,cpe:/a:postgresql:postgresql:8.3,CVE-2022-2625,8.0,https://vulners.com/cve/CVE-2022-2625
192.168.2.128,tcp,5432,open,postgresql,PostgreSQL DB,8.3.0 - 8.3.7,cpe:/a:postgresql:postgresql:8.3,CVE-2019-10128,7.8,https://vulners.com/cve/CVE-2019-10128
192.168.2.128,tcp,5432,open,postgresql,PostgreSQL DB,8.3.0 - 8.3.7,cpe:/a:postgresql:postgresql:8.3,CVE-2020-25696,7.5,https://vulners.com/cve/CVE-2020-25696
192.168.2.128,tcp,5432,open,postgresql,PostgreSQL DB,8.3.0 - 8.3.7,cpe:/a:postgresql:postgresql:8.3,CVE-2017-7484,7.5,https://vulners.com/cve/CVE-2017-7484
192.168.2.128,tcp,5432,open,postgresql,PostgreSQL DB,8.3.0 - 8.3.7,cpe:/a:postgresql:postgresql:8.3,CVE-2016-0773,7.5,https://vulners.com/cve/CVE-2016-0773
192.168.2.128,tcp,5432,open,postgresql,PostgreSQL DB,8.3.0 - 8.3.7,cpe:/a:postgresql:postgresql:8.3,CVE-2016-0768,7.5,https://vulners.com/cve/CVE-2016-0768
192.168.2.128,tcp,5432,open,postgresql,PostgreSQL DB,8.3.0 - 8.3.7,cpe:/a:postgresql:postgresql:8.3,CVE-2015-3167,7.5,https://vulners.com/cve/CVE-2015-3167
192.168.2.128,tcp,5432,open,postgresql,PostgreSQL DB,8.3.0 - 8.3.7,cpe:/a:postgresql:postgresql:8.3,CVE-2020-14350,7.3,https://vulners.com/cve/CVE-2020-14350
192.168.2.128,tcp,5432,open,postgresql,PostgreSQL DB,8.3.0 - 8.3.7,cpe:/a:postgresql:postgresql:8.3,CVE-2020-10733,7.3,https://vulners.com/cve/CVE-2020-10733
192.168.2.128,tcp,5432,open,postgresql,PostgreSQL DB,8.3.0 - 8.3.7,cpe:/a:postgresql:postgresql:8.3,CVE-2017-14798,7.3,https://vulners.com/cve/CVE-2017-14798
192.168.2.128,tcp,5432,open,postgresql,PostgreSQL DB,8.3.0 - 8.3.7,cpe:/a:postgresql:postgresql:8.3,CVE-2023-2454,7.2,https://vulners.com/cve/CVE-2023-2454
192.168.2.128,tcp,5432,open,postgresql,PostgreSQL DB,8.3.0 - 8.3.7,cpe:/a:postgresql:postgresql:8.3,CVE-2020-14349,7.1,https://vulners.com/cve/CVE-2020-14349
192.168.2.128,tcp,5432,open,postgresql,PostgreSQL DB,8.3.0 - 8.3.7,cpe:/a:postgresql:postgresql:8.3,CVE-2016-5424,7.1,https://vulners.com/cve/CVE-2016-5424
192.168.2.128,tcp,5432,open,postgresql,PostgreSQL DB,8.3.0 - 8.3.7,cpe:/a:postgresql:postgresql:8.3,CVE-2019-10210,7.0,https://vulners.com/cve/CVE-2019-10210
192.168.2.128,tcp,5432,open,postgresql,PostgreSQL DB,8.3.0 - 8.3.7,cpe:/a:postgresql:postgresql:8.3,CVE-2013-0255,6.8,https://vulners.com/cve/CVE-2013-0255
192.168.2.128,tcp,5432,open,postgresql,PostgreSQL DB,8.3.0 - 8.3.7,cpe:/a:postgresql:postgresql:8.3,CVE-2012-0868,6.8,https://vulners.com/cve/CVE-2012-0868
192.168.2.128,tcp,5432,open,postgresql,PostgreSQL DB,8.3.0 - 8.3.7,cpe:/a:postgresql:postgresql:8.3,CVE-2009-3231,6.8,https://vulners.com/cve/CVE-2009-3231
192.168.2.128,tcp,5432,open,postgresql,PostgreSQL DB,8.3.0 - 8.3.7,cpe:/a:postgresql:postgresql:8.3,CVE-2021-3677,6.5,https://vulners.com/cve/CVE-2021-3677
192.168.2.128,tcp,5432,open,postgresql,PostgreSQL DB,8.3.0 - 8.3.7,cpe:/a:postgresql:postgresql:8.3,CVE-2021-32029,6.5,https://vulners.com/cve/CVE-2021-32029
192.168.2.128,tcp,5432,open,postgresql,PostgreSQL DB,8.3.0 - 8.3.7,cpe:/a:postgresql:postgresql:8.3,CVE-2021-32028,6.5,https://vulners.com/cve/CVE-2021-32028
192.168.2.128,tcp,5432,open,postgresql,PostgreSQL DB,8.3.0 - 8.3.7,cpe:/a:postgresql:postgresql:8.3,CVE-2014-0065,6.5,https://vulners.com/cve/CVE-2014-0065
192.168.2.128,tcp,5432,open,postgresql,PostgreSQL DB,8.3.0 - 8.3.7,cpe:/a:postgresql:postgresql:8.3,CVE-2014-0064,6.5,https://vulners.com/cve/CVE-2014-0064
192.168.2.128,tcp,5432,open,postgresql,PostgreSQL DB,8.3.0 - 8.3.7,cpe:/a:postgresql:postgresql:8.3,CVE-2014-0063,6.5,https://vulners.com/cve/CVE-2014-0063
192.168.2.128,tcp,5432,open,postgresql,PostgreSQL DB,8.3.0 - 8.3.7,cpe:/a:postgresql:postgresql:8.3,CVE-2014-0061,6.5,https://vulners.com/cve/CVE-2014-0061
192.168.2.128,tcp,5432,open,postgresql,PostgreSQL DB,8.3.0 - 8.3.7,cpe:/a:postgresql:postgresql:8.3,CVE-2012-0866,6.5,https://vulners.com/cve/CVE-2012-0866
192.168.2.128,tcp,5432,open,postgresql,PostgreSQL DB,8.3.0 - 8.3.7,cpe:/a:postgresql:postgresql:8.3,CVE-2010-4015,6.5,https://vulners.com/cve/CVE-2010-4015
192.168.2.128,tcp,5432,open,postgresql,PostgreSQL DB,8.3.0 - 8.3.7,cpe:/a:postgresql:postgresql:8.3,CVE-2010-0442,6.5,https://vulners.com/cve/CVE-2010-0442
192.168.2.128,tcp,5432,open,postgresql,PostgreSQL DB,8.3.0 - 8.3.7,cpe:/a:postgresql:postgresql:8.3,CVE-2015-5288,6.4,https://vulners.com/cve/CVE-2015-5288
192.168.2.128,tcp,5432,open,postgresql,PostgreSQL DB,8.3.0 - 8.3.7,cpe:/a:postgresql:postgresql:8.3,CVE-2010-3433,6.0,https://vulners.com/cve/CVE-2010-3433
192.168.2.128,tcp,5432,open,postgresql,PostgreSQL DB,8.3.0 - 8.3.7,cpe:/a:postgresql:postgresql:8.3,CVE-2010-1170,6.0,https://vulners.com/cve/CVE-2010-1170
192.168.2.128,tcp,5432,open,postgresql,PostgreSQL DB,8.3.0 - 8.3.7,cpe:/a:postgresql:postgresql:8.3,CVE-2021-23222,5.9,https://vulners.com/cve/CVE-2021-23222
192.168.2.128,tcp,5432,open,postgresql,PostgreSQL DB,8.3.0 - 8.3.7,cpe:/a:postgresql:postgresql:8.3,CVE-2010-1975,5.5,https://vulners.com/cve/CVE-2010-1975
192.168.2.128,tcp,5432,open,postgresql,PostgreSQL DB,8.3.0 - 8.3.7,cpe:/a:postgresql:postgresql:8.3,CVE-2023-2455,5.4,https://vulners.com/cve/CVE-2023-2455
192.168.2.128,tcp,5432,open,postgresql,PostgreSQL DB,8.3.0 - 8.3.7,cpe:/a:postgresql:postgresql:8.3,CVE-2014-0062,4.9,https://vulners.com/cve/CVE-2014-0062
192.168.2.128,tcp,5432,open,postgresql,PostgreSQL DB,8.3.0 - 8.3.7,cpe:/a:postgresql:postgresql:8.3,CVE-2012-3488,4.9,https://vulners.com/cve/CVE-2012-3488
192.168.2.128,tcp,5432,open,postgresql,PostgreSQL DB,8.3.0 - 8.3.7,cpe:/a:postgresql:postgresql:8.3,CVE-2014-0067,4.6,https://vulners.com/cve/CVE-2014-0067
192.168.2.128,tcp,5432,open,postgresql,PostgreSQL DB,8.3.0 - 8.3.7,cpe:/a:postgresql:postgresql:8.3,CVE-2021-3393,4.3,https://vulners.com/cve/CVE-2021-3393
192.168.2.128,tcp,5432,open,postgresql,PostgreSQL DB,8.3.0 - 8.3.7,cpe:/a:postgresql:postgresql:8.3,CVE-2021-20229,4.3,https://vulners.com/cve/CVE-2021-20229
192.168.2.128,tcp,5432,open,postgresql,PostgreSQL DB,8.3.0 - 8.3.7,cpe:/a:postgresql:postgresql:8.3,CVE-2015-3165,4.3,https://vulners.com/cve/CVE-2015-3165
192.168.2.128,tcp,5432,open,postgresql,PostgreSQL DB,8.3.0 - 8.3.7,cpe:/a:postgresql:postgresql:8.3,CVE-2014-8161,4.3,https://vulners.com/cve/CVE-2014-8161
192.168.2.128,tcp,5432,open,postgresql,PostgreSQL DB,8.3.0 - 8.3.7,cpe:/a:postgresql:postgresql:8.3,CVE-2012-2143,4.3,https://vulners.com/cve/CVE-2012-2143
192.168.2.128,tcp,5432,open,postgresql,PostgreSQL DB,8.3.0 - 8.3.7,cpe:/a:postgresql:postgresql:8.3,CVE-2014-0066,4.0,https://vulners.com/cve/CVE-2014-0066
192.168.2.128,tcp,5432,open,postgresql,PostgreSQL DB,8.3.0 - 8.3.7,cpe:/a:postgresql:postgresql:8.3,CVE-2014-0060,4.0,https://vulners.com/cve/CVE-2014-0060
192.168.2.128,tcp,5432,open,postgresql,PostgreSQL DB,8.3.0 - 8.3.7,cpe:/a:postgresql:postgresql:8.3,CVE-2012-2655,4.0,https://vulners.com/cve/CVE-2012-2655
192.168.2.128,tcp,5432,open,postgresql,PostgreSQL DB,8.3.0 - 8.3.7,cpe:/a:postgresql:postgresql:8.3,CVE-2009-3229,4.0,https://vulners.com/cve/CVE-2009-3229
192.168.2.128,tcp,5432,open,postgresql,PostgreSQL DB,8.3.0 - 8.3.7,cpe:/a:postgresql:postgresql:8.3,CVE-2022-41862,3.7,https://vulners.com/cve/CVE-2022-41862
192.168.2.128,tcp,5432,open,postgresql,PostgreSQL DB,8.3.0 - 8.3.7,cpe:/a:postgresql:postgresql:8.3,CVE-2010-0733,3.5,https://vulners.com/cve/CVE-2010-0733
192.168.2.128,tcp,5900,open,vnc,VNC,,,,,
192.168.2.128,tcp,6000,open,X11,,,,,,
192.168.2.128,tcp,6667,open,irc,UnrealIRCd,,cpe:/a:unrealircd:unrealircd,,,
192.168.2.128,tcp,6697,open,irc,UnrealIRCd,,cpe:/a:unrealircd:unrealircd,,,
192.168.2.128,tcp,8009,open,ajp13,Apache Jserv,,,,,
192.168.2.128,tcp,8180,open,http,Apache Tomcat/Coyote JSP engine,1.1,cpe:/a:apache:coyote_http_connector:1.1,CVE-2016-8735,9.8,https://vulners.com/cve/CVE-2016-8735
192.168.2.128,tcp,8180,open,http,Apache Tomcat/Coyote JSP engine,1.1,cpe:/a:apache:coyote_http_connector:1.1,CVE-2020-8022,7.8,https://vulners.com/cve/CVE-2020-8022
192.168.2.128,tcp,8180,open,http,Apache Tomcat/Coyote JSP engine,1.1,cpe:/a:apache:coyote_http_connector:1.1,CVE-2023-46589,7.5,https://vulners.com/cve/CVE-2023-46589
192.168.2.128,tcp,8180,open,http,Apache Tomcat/Coyote JSP engine,1.1,cpe:/a:apache:coyote_http_connector:1.1,CVE-2023-34981,7.5,https://vulners.com/cve/CVE-2023-34981
192.168.2.128,tcp,8180,open,http,Apache Tomcat/Coyote JSP engine,1.1,cpe:/a:apache:coyote_http_connector:1.1,CVE-2023-28709,7.5,https://vulners.com/cve/CVE-2023-28709
192.168.2.128,tcp,8180,open,http,Apache Tomcat/Coyote JSP engine,1.1,cpe:/a:apache:coyote_http_connector:1.1,CVE-2023-24998,7.5,https://vulners.com/cve/CVE-2023-24998
192.168.2.128,tcp,8180,open,http,Apache Tomcat/Coyote JSP engine,1.1,cpe:/a:apache:coyote_http_connector:1.1,CVE-2022-45143,7.5,https://vulners.com/cve/CVE-2022-45143
192.168.2.128,tcp,8180,open,http,Apache Tomcat/Coyote JSP engine,1.1,cpe:/a:apache:coyote_http_connector:1.1,CVE-2022-42252,7.5,https://vulners.com/cve/CVE-2022-42252
192.168.2.128,tcp,8180,open,http,Apache Tomcat/Coyote JSP engine,1.1,cpe:/a:apache:coyote_http_connector:1.1,CVE-2021-30639,7.5,https://vulners.com/cve/CVE-2021-30639
192.168.2.128,tcp,8180,open,http,Apache Tomcat/Coyote JSP engine,1.1,cpe:/a:apache:coyote_http_connector:1.1,CVE-2021-25122,7.5,https://vulners.com/cve/CVE-2021-25122
192.168.2.128,tcp,8180,open,http,Apache Tomcat/Coyote JSP engine,1.1,cpe:/a:apache:coyote_http_connector:1.1,CVE-2013-2185,7.5,https://vulners.com/cve/CVE-2013-2185
192.168.2.128,tcp,8180,open,http,Apache Tomcat/Coyote JSP engine,1.1,cpe:/a:apache:coyote_http_connector:1.1,CVE-2002-0493,7.5,https://vulners.com/cve/CVE-2002-0493
192.168.2.128,tcp,8180,open,http,Apache Tomcat/Coyote JSP engine,1.1,cpe:/a:apache:coyote_http_connector:1.1,CVE-2021-25329,7.0,https://vulners.com/cve/CVE-2021-25329
192.168.2.128,tcp,8180,open,http,Apache Tomcat/Coyote JSP engine,1.1,cpe:/a:apache:coyote_http_connector:1.1,CVE-2013-6357,6.8,https://vulners.com/cve/CVE-2013-6357
192.168.2.128,tcp,8180,open,http,Apache Tomcat/Coyote JSP engine,1.1,cpe:/a:apache:coyote_http_connector:1.1,CVE-2013-4444,6.8,https://vulners.com/cve/CVE-2013-4444
192.168.2.128,tcp,8180,open,http,Apache Tomcat/Coyote JSP engine,1.1,cpe:/a:apache:coyote_http_connector:1.1,CVE-2023-41080,6.1,https://vulners.com/cve/CVE-2023-41080
192.168.2.128,tcp,8180,open,http,Apache Tomcat/Coyote JSP engine,1.1,cpe:/a:apache:coyote_http_connector:1.1,CVE-2023-42794,5.9,https://vulners.com/cve/CVE-2023-42794
192.168.2.128,tcp,8180,open,http,Apache Tomcat/Coyote JSP engine,1.1,cpe:/a:apache:coyote_http_connector:1.1,CVE-2021-24122,5.9,https://vulners.com/cve/CVE-2021-24122
192.168.2.128,tcp,8180,open,http,Apache Tomcat/Coyote JSP engine,1.1,cpe:/a:apache:coyote_http_connector:1.1,CVE-2013-4286,5.8,https://vulners.com/cve/CVE-2013-4286
192.168.2.128,tcp,8180,open,http,Apache Tomcat/Coyote JSP engine,1.1,cpe:/a:apache:coyote_http_connector:1.1,CVE-2024-21733,5.3,https://vulners.com/cve/CVE-2024-21733
192.168.2.128,tcp,8180,open,http,Apache Tomcat/Coyote JSP engine,1.1,cpe:/a:apache:coyote_http_connector:1.1,CVE-2023-45648,5.3,https://vulners.com/cve/CVE-2023-45648
192.168.2.128,tcp,8180,open,http,Apache Tomcat/Coyote JSP engine,1.1,cpe:/a:apache:coyote_http_connector:1.1,CVE-2023-42795,5.3,https://vulners.com/cve/CVE-2023-42795
192.168.2.128,tcp,8180,open,http,Apache Tomcat/Coyote JSP engine,1.1,cpe:/a:apache:coyote_http_connector:1.1,CVE-2014-0075,5.0,https://vulners.com/cve/CVE-2014-0075
192.168.2.128,tcp,8180,open,http,Apache Tomcat/Coyote JSP engine,1.1,cpe:/a:apache:coyote_http_connector:1.1,CVE-2008-0128,5.0,https://vulners.com/cve/CVE-2008-0128
192.168.2.128,tcp,8180,open,http,Apache Tomcat/Coyote JSP engine,1.1,cpe:/a:apache:coyote_http_connector:1.1,CVE-2001-0590,5.0,https://vulners.com/cve/CVE-2001-0590
192.168.2.128,tcp,8180,open,http,Apache Tomcat/Coyote JSP engine,1.1,cpe:/a:apache:coyote_http_connector:1.1,CVE-2000-1210,5.0,https://vulners.com/cve/CVE-2000-1210
192.168.2.128,tcp,8180,open,http,Apache Tomcat/Coyote JSP engine,1.1,cpe:/a:apache:coyote_http_connector:1.1,CVE-2023-28708,4.3,https://vulners.com/cve/CVE-2023-28708
192.168.2.128,tcp,8180,open,http,Apache Tomcat/Coyote JSP engine,1.1,cpe:/a:apache:coyote_http_connector:1.1,CVE-2014-0119,4.3,https://vulners.com/cve/CVE-2014-0119
192.168.2.128,tcp,8180,open,http,Apache Tomcat/Coyote JSP engine,1.1,cpe:/a:apache:coyote_http_connector:1.1,CVE-2014-0099,4.3,https://vulners.com/cve/CVE-2014-0099
192.168.2.128,tcp,8180,open,http,Apache Tomcat/Coyote JSP engine,1.1,cpe:/a:apache:coyote_http_connector:1.1,CVE-2014-0096,4.3,https://vulners.com/cve/CVE-2014-0096
192.168.2.128,tcp,8180,open,http,Apache Tomcat/Coyote JSP engine,1.1,cpe:/a:apache:coyote_http_connector:1.1,CVE-2013-4590,4.3,https://vulners.com/cve/CVE-2013-4590
192.168.2.128,tcp,8180,open,http,Apache Tomcat/Coyote JSP engine,1.1,cpe:/a:apache:coyote_http_connector:1.1,CVE-2013-4322,4.3,https://vulners.com/cve/CVE-2013-4322
192.168.2.128,tcp,8180,open,http,Apache Tomcat/Coyote JSP engine,1.1,cpe:/a:apache:coyote_http_connector:1.1,CVE-2009-2696,4.3,https://vulners.com/cve/CVE-2009-2696
192.168.2.128,tcp,8180,open,http,Apache Tomcat/Coyote JSP engine,1.1,cpe:/a:apache:coyote_http_connector:1.1,CVE-2007-2449,4.3,https://vulners.com/cve/CVE-2007-2449
192.168.2.128,tcp,8180,open,http,Apache Tomcat/Coyote JSP engine,1.1,cpe:/a:apache:coyote_http_connector:1.1,CVE-2006-7196,4.3,https://vulners.com/cve/CVE-2006-7196
192.168.2.128,tcp,8180,open,http,Apache Tomcat/Coyote JSP engine,1.1,cpe:/a:apache:coyote_http_connector:1.1,CVE-2005-4838,4.3,https://vulners.com/cve/CVE-2005-4838
192.168.2.128,tcp,8180,open,http,Apache Tomcat/Coyote JSP engine,1.1,cpe:/a:apache:coyote_http_connector:1.1,CVE-2007-1358,2.6,https://vulners.com/cve/CVE-2007-1358
192.168.2.128,tcp,8180,open,http,Apache Tomcat/Coyote JSP engine,1.1,cpe:/a:apache:coyote_http_connector:1.1,CVE-2024-24549,0.0,https://vulners.com/cve/CVE-2024-24549
192.168.2.128,tcp,8180,open,http,Apache Tomcat/Coyote JSP engine,1.1,cpe:/a:apache:coyote_http_connector:1.1,CVE-2024-23672,0.0,https://vulners.com/cve/CVE-2024-23672
192.168.2.128,tcp,8787,open,drb,Ruby DRb RMI,,cpe:/a:ruby-lang:ruby:1.8,,,
192.168.2.128,tcp,37800,open,status,,1,,,,
192.168.2.128,tcp,44704,open,mountd,,1-3,,,,
192.168.2.128,tcp,44745,open,java-rmi,GNU Classpath grmiregistry,,,,,
192.168.2.128,tcp,48654,open,nlockmgr,,1-4,,,,
